k,pop_size,iterations,perc_elitism,perc_mat,sel_type,cross_type,mutation_rate,mut_type,best_solution_fitness,solution_generation,cycle_time,station_times,operator_times,violations,best_solution
23121,10000,1000,0.05,0.05,roulette,SP,0.05,random,29691,3,29691,"[27813, 12792, 24732, 7935, 15333, 21135, 24681, 28776, 29691, 28086, 20598]","[25800, 24042, 28776, 29691, 28086, 20598]",0,"[0, 0, 0, 1, 1, 1, 1, 2, 2, 2, 2, 2, 3, 3, 3, 3, 2, 4, 4, 4, 4, 5, 5, 5, 5, 6, 6, 6, 6, 7, 7, 9, 9, 7, 8, 9, 7, 8, 8, 9, 5, 5, 6, 7, 7, 7, 8, 9, 9, 10, 10, 10, 10, 10, 10, 10, 10, 10, 10]"
23121,10000,1000,0.05,0.05,roulette,DP,0.05,random,29190,3,29190,"[29064, 11541, 24732, 7935, 20517, 15951, 24681, 28335, 29028, 29190, 20598]","[25800, 24042, 28335, 29028, 29190, 20598]",0,"[0, 0, 0, 0, 1, 1, 1, 2, 2, 2, 2, 2, 3, 3, 3, 3, 2, 4, 4, 4, 5, 5, 5, 5, 5, 6, 6, 6, 6, 7, 7, 9, 9, 8, 8, 9, 8, 8, 9, 7, 4, 4, 6, 7, 7, 7, 9, 9, 9, 10, 10, 10, 10, 10, 10, 10, 10, 10, 10]"
23121,10000,1000,0.05,0.05,roulette,UX,0.05,random,28896,7,28896,"[27813, 14730, 22794, 9636, 18816, 15951, 24681, 28869, 28788, 28896, 20598]","[27501, 22341, 28869, 28788, 28896, 20598]",0,"[0, 0, 0, 1, 1, 1, 1, 1, 2, 2, 2, 2, 3, 3, 3, 3, 2, 3, 4, 4, 5, 5, 5, 5, 5, 6, 6, 6, 6, 7, 7, 7, 7, 7, 8, 8, 9, 9, 7, 8, 4, 4, 6, 9, 9, 9, 9, 9, 9, 10, 10, 10, 10, 10, 10, 10, 10, 10, 10]"
23121,10000,1000,0.05,0.05,roulette,SP,0.1,random,29313,2,29313,"[27813, 14730, 20694, 7935, 17433, 21135, 24681, 29313, 28377, 28863, 20598]","[23700, 26142, 29313, 28377, 28863, 20598]",0,"[0, 0, 0, 1, 1, 1, 1, 1, 2, 2, 2, 2, 3, 3, 3, 3, 4, 4, 4, 4, 4, 5, 5, 5, 5, 6, 6, 6, 6, 7, 7, 9, 9, 9, 7, 7, 7, 7, 8, 8, 5, 5, 6, 9, 9, 8, 7, 9, 9, 10, 10, 10, 10, 10, 10, 10, 10, 10, 10]"
23121,10000,1000,0.05,0.05,roulette,DP,0.1,random,29460,0,29460,"[29064, 13479, 22794, 7935, 22722, 11322, 27105, 28617, 28476, 29460, 20598]","[25800, 24042, 28617, 28476, 29460, 20598]",0,"[0, 0, 0, 0, 1, 1, 1, 1, 2, 2, 2, 2, 3, 3, 3, 3, 2, 4, 4, 4, 4, 5, 5, 5, 6, 6, 6, 6, 6, 7, 7, 8, 8, 7, 9, 9, 8, 7, 8, 8, 4, 4, 6, 7, 7, 7, 9, 9, 9, 10, 10, 10, 10, 10, 10, 10, 10, 10, 10]"
23121,10000,1000,0.05,0.05,roulette,UX,0.1,random,28902,7,28902,"[27813, 14730, 22794, 7935, 15333, 21135, 24681, 28902, 28788, 28863, 20598]","[25800, 24042, 28902, 28788, 28863, 20598]",0,"[0, 0, 0, 1, 1, 1, 1, 1, 2, 2, 2, 2, 3, 3, 3, 3, 2, 4, 4, 4, 4, 5, 5, 5, 5, 6, 6, 6, 6, 7, 7, 9, 9, 9, 8, 8, 7, 7, 7, 8, 5, 5, 6, 9, 9, 7, 7, 9, 9, 10, 10, 10, 10, 10, 10, 10, 10, 10, 10]"
23121,10000,1000,0.05,0.05,roulette,SP,0.15,random,29001,2,29001,"[27813, 14730, 22794, 7935, 20517, 15951, 24681, 28902, 29001, 28650, 20598]","[25800, 24042, 28902, 29001, 28650, 20598]",0,"[0, 0, 0, 1, 1, 1, 1, 1, 2, 2, 2, 2, 3, 3, 3, 3, 2, 4, 4, 4, 5, 5, 5, 5, 5, 6, 6, 6, 6, 7, 7, 8, 8, 9, 8, 9, 7, 7, 7, 8, 4, 4, 6, 9, 9, 7, 7, 9, 9, 10, 10, 10, 10, 10, 10, 10, 10, 10, 10]"
23121,10000,1000,0.05,0.05,roulette,DP,0.15,random,29283,4,29283,"[27813, 14730, 22794, 9636, 21021, 11322, 27105, 29103, 29283, 28167, 20598]","[27501, 22341, 29103, 29283, 28167, 20598]",0,"[0, 0, 0, 1, 1, 1, 1, 1, 2, 2, 2, 2, 3, 3, 3, 3, 2, 3, 4, 4, 4, 5, 5, 5, 6, 6, 6, 6, 6, 7, 7, 8, 8, 8, 8, 7, 7, 8, 7, 9, 4, 4, 6, 9, 9, 7, 7, 9, 9, 10, 10, 10, 10, 10, 10, 10, 10, 10, 10]"
23121,10000,1000,0.05,0.05,roulette,UX,0.15,random,28896,9,28896,"[27813, 14730, 22794, 7935, 22722, 13746, 24681, 28869, 28788, 28896, 20598]","[25800, 24042, 28869, 28788, 28896, 20598]",0,"[0, 0, 0, 1, 1, 1, 1, 1, 2, 2, 2, 2, 3, 3, 3, 3, 2, 4, 4, 4, 4, 5, 5, 5, 5, 6, 6, 6, 6, 7, 7, 7, 7, 7, 8, 8, 9, 9, 7, 8, 4, 4, 6, 9, 9, 9, 9, 9, 9, 10, 10, 10, 10, 10, 10, 10, 10, 10, 10]"
23121,10000,1000,0.05,0.05,rank,SP,0.05,random,29031,4,29031,"[27813, 14730, 20694, 7935, 15228, 23340, 24681, 29031, 28587, 28935, 20598]","[23700, 26142, 29031, 28587, 28935, 20598]",0,"[0, 0, 0, 1, 1, 1, 1, 1, 2, 2, 2, 2, 3, 3, 3, 3, 4, 4, 4, 4, 5, 5, 5, 5, 5, 6, 6, 6, 6, 7, 7, 7, 7, 7, 8, 9, 9, 8, 9, 8, 5, 5, 6, 7, 7, 7, 9, 9, 9, 10, 10, 10, 10, 10, 10, 10, 10, 10, 10]"
23121,10000,1000,0.05,0.05,rank,DP,0.05,random,29001,5,29001,"[27813, 14730, 20694, 7935, 24822, 11322, 27105, 28614, 29001, 28938, 20598]","[23700, 26142, 28614, 29001, 28938, 20598]",0,"[0, 0, 0, 1, 1, 1, 1, 1, 2, 2, 2, 2, 3, 3, 3, 3, 4, 4, 4, 4, 4, 5, 5, 5, 6, 6, 6, 6, 6, 7, 7, 8, 8, 7, 8, 9, 7, 9, 7, 8, 4, 4, 6, 9, 9, 9, 9, 9, 9, 10, 10, 10, 10, 10, 10, 10, 10, 10, 10]"
23121,10000,1000,0.05,0.05,rank,UX,0.05,random,28896,22,28896,"[27813, 12792, 24732, 7935, 13128, 20916, 27105, 28869, 28788, 28896, 20598]","[25800, 24042, 28869, 28788, 28896, 20598]",0,"[0, 0, 0, 1, 1, 1, 1, 2, 2, 2, 2, 2, 3, 3, 3, 3, 2, 4, 4, 4, 5, 5, 5, 5, 6, 6, 6, 6, 6, 7, 7, 7, 7, 7, 8, 8, 9, 9, 7, 8, 5, 5, 6, 9, 9, 9, 9, 9, 9, 10, 10, 10, 10, 10, 10, 10, 10, 10, 10]"
23121,10000,1000,0.05,0.05,rank,SP,0.1,random,29229,12,29229,"[29064, 13479, 20694, 7935, 22617, 15951, 24681, 28173, 29229, 29151, 20598]","[23700, 26142, 28173, 29229, 29151, 20598]",0,"[0, 0, 0, 0, 1, 1, 1, 1, 2, 2, 2, 2, 3, 3, 3, 3, 4, 4, 4, 4, 5, 5, 5, 5, 5, 6, 6, 6, 6, 7, 7, 9, 9, 8, 8, 8, 8, 9, 7, 7, 4, 4, 6, 9, 9, 9, 9, 9, 9, 10, 10, 10, 10, 10, 10, 10, 10, 10, 10]"
23121,10000,1000,0.05,0.05,rank,DP,0.1,random,29004,6,29004,"[27813, 12792, 24732, 7935, 13128, 23340, 24681, 28818, 28731, 29004, 20598]","[25800, 24042, 28818, 28731, 29004, 20598]",0,"[0, 0, 0, 1, 1, 1, 1, 2, 2, 2, 2, 2, 3, 3, 3, 3, 2, 4, 4, 4, 5, 5, 5, 5, 5, 6, 6, 6, 6, 7, 7, 8, 8, 7, 9, 7, 8, 8, 8, 9, 5, 5, 6, 7, 7, 7, 8, 8, 9, 10, 10, 10, 10, 10, 10, 10, 10, 10, 10]"
23121,10000,1000,0.05,0.05,rank,UX,0.1,random,29001,5,29001,"[27813, 12792, 24732, 7935, 22722, 13746, 24681, 28869, 29001, 28683, 20598]","[25800, 24042, 28869, 29001, 28683, 20598]",0,"[0, 0, 0, 1, 1, 1, 1, 2, 2, 2, 2, 2, 3, 3, 3, 3, 2, 4, 4, 4, 4, 5, 5, 5, 5, 6, 6, 6, 6, 7, 7, 7, 7, 7, 8, 9, 8, 8, 7, 9, 4, 4, 6, 9, 9, 9, 8, 8, 9, 10, 10, 10, 10, 10, 10, 10, 10, 10, 10]"
23121,10000,1000,0.05,0.05,rank,SP,0.15,random,29343,9,29343,"[27813, 12792, 22632, 7935, 15228, 20916, 27105, 28221, 29343, 28989, 20598]","[23700, 26142, 28221, 29343, 28989, 20598]",0,"[0, 0, 0, 1, 1, 1, 1, 2, 2, 2, 2, 2, 3, 3, 3, 3, 4, 4, 4, 4, 5, 5, 5, 5, 6, 6, 6, 6, 6, 7, 7, 9, 9, 8, 8, 7, 7, 9, 9, 7, 5, 5, 6, 7, 7, 8, 9, 9, 9, 10, 10, 10, 10, 10, 10, 10, 10, 10, 10]"
23121,10000,1000,0.05,0.05,rank,DP,0.15,random,29001,5,29001,"[27813, 12792, 22632, 7935, 22617, 13527, 27105, 28617, 29001, 28935, 20598]","[23700, 26142, 28617, 29001, 28935, 20598]",0,"[0, 0, 0, 1, 1, 1, 1, 2, 2, 2, 2, 2, 3, 3, 3, 3, 4, 4, 4, 4, 5, 5, 5, 5, 6, 6, 6, 6, 6, 7, 7, 8, 8, 7, 8, 9, 9, 7, 9, 8, 4, 4, 6, 7, 7, 7, 9, 9, 9, 10, 10, 10, 10, 10, 10, 10, 10, 10, 10]"
23121,10000,1000,0.05,0.05,rank,UX,0.15,random,28902,18,28902,"[27813, 14730, 22794, 7935, 15333, 21135, 24681, 28902, 28788, 28863, 20598]","[25800, 24042, 28902, 28788, 28863, 20598]",0,"[0, 0, 0, 1, 1, 1, 1, 1, 2, 2, 2, 2, 3, 3, 3, 3, 2, 4, 4, 4, 4, 5, 5, 5, 5, 6, 6, 6, 6, 7, 7, 9, 9, 9, 8, 8, 7, 7, 7, 8, 5, 5, 6, 9, 9, 7, 7, 9, 9, 10, 10, 10, 10, 10, 10, 10, 10, 10, 10]"
23121,10000,1000,0.05,0.05,tournament,SP,0.05,random,29103,5,29103,"[29064, 11541, 22632, 7935, 24822, 11322, 27105, 29103, 28446, 29004, 20598]","[23700, 26142, 29103, 28446, 29004, 20598]",0,"[0, 0, 0, 0, 1, 1, 1, 2, 2, 2, 2, 2, 3, 3, 3, 3, 4, 4, 4, 4, 4, 5, 5, 5, 6, 6, 6, 6, 6, 7, 7, 8, 8, 8, 9, 7, 7, 8, 7, 9, 4, 4, 6, 8, 8, 7, 7, 8, 9, 10, 10, 10, 10, 10, 10, 10, 10, 10, 10]"
23121,10000,1000,0.05,0.05,tournament,DP,0.05,random,29316,1,29316,"[29064, 11541, 24732, 7935, 13128, 23340, 24681, 29316, 28587, 28650, 20598]","[25800, 24042, 29316, 28587, 28650, 20598]",0,"[0, 0, 0, 0, 1, 1, 1, 2, 2, 2, 2, 2, 3, 3, 3, 3, 2, 4, 4, 4, 5, 5, 5, 5, 5, 6, 6, 6, 6, 7, 7, 7, 7, 9, 8, 9, 7, 8, 7, 8, 5, 5, 6, 9, 9, 7, 7, 9, 9, 10, 10, 10, 10, 10, 10, 10, 10, 10, 10]"
23121,10000,1000,0.05,0.05,tournament,UX,0.05,random,28896,10,28896,"[27813, 14730, 20694, 7935, 22617, 13527, 27105, 28869, 28788, 28896, 20598]","[23700, 26142, 28869, 28788, 28896, 20598]",0,"[0, 0, 0, 1, 1, 1, 1, 1, 2, 2, 2, 2, 3, 3, 3, 3, 4, 4, 4, 4, 5, 5, 5, 5, 6, 6, 6, 6, 6, 7, 7, 7, 7, 7, 8, 8, 9, 9, 7, 8, 4, 4, 6, 9, 9, 9, 9, 9, 9, 10, 10, 10, 10, 10, 10, 10, 10, 10, 10]"
23121,10000,1000,0.05,0.05,tournament,SP,0.1,random,29271,12,29271,"[29064, 13479, 20694, 7935, 15228, 23340, 24681, 28281, 29001, 29271, 20598]","[23700, 26142, 28281, 29001, 29271, 20598]",0,"[0, 0, 0, 0, 1, 1, 1, 1, 2, 2, 2, 2, 3, 3, 3, 3, 4, 4, 4, 4, 5, 5, 5, 5, 5, 6, 6, 6, 6, 7, 7, 8, 8, 7, 8, 7, 7, 7, 9, 8, 5, 5, 6, 9, 9, 7, 9, 9, 9, 10, 10, 10, 10, 10, 10, 10, 10, 10, 10]"
23121,10000,1000,0.05,0.05,tournament,DP,0.1,random,29004,5,29004,"[27813, 12792, 24732, 9636, 18816, 13527, 27105, 28902, 28647, 29004, 20598]","[27501, 22341, 28902, 28647, 29004, 20598]",0,"[0, 0, 0, 1, 1, 1, 1, 2, 2, 2, 2, 2, 3, 3, 3, 3, 2, 3, 4, 4, 5, 5, 5, 5, 6, 6, 6, 6, 6, 7, 7, 8, 8, 8, 9, 8, 7, 7, 7, 9, 4, 4, 6, 8, 8, 7, 7, 8, 9, 10, 10, 10, 10, 10, 10, 10, 10, 10, 10]"
23121,10000,1000,0.05,0.05,tournament,UX,0.1,random,28902,9,28902,"[27813, 14730, 22794, 7935, 13128, 20916, 27105, 28902, 28788, 28863, 20598]","[25800, 24042, 28902, 28788, 28863, 20598]",0,"[0, 0, 0, 1, 1, 1, 1, 1, 2, 2, 2, 2, 3, 3, 3, 3, 2, 4, 4, 4, 5, 5, 5, 5, 6, 6, 6, 6, 6, 7, 7, 9, 9, 9, 8, 8, 7, 7, 7, 8, 5, 5, 6, 9, 9, 7, 7, 9, 9, 10, 10, 10, 10, 10, 10, 10, 10, 10, 10]"
23121,10000,1000,0.05,0.05,tournament,SP,0.15,random,28938,5,28938,"[27813, 12792, 22632, 7935, 17433, 21135, 24681, 28869, 28746, 28938, 20598]","[23700, 26142, 28869, 28746, 28938, 20598]",0,"[0, 0, 0, 1, 1, 1, 1, 2, 2, 2, 2, 2, 3, 3, 3, 3, 4, 4, 4, 4, 4, 5, 5, 5, 5, 6, 6, 6, 6, 7, 7, 7, 7, 7, 8, 9, 8, 9, 7, 8, 5, 5, 6, 9, 9, 9, 9, 9, 9, 10, 10, 10, 10, 10, 10, 10, 10, 10, 10]"
23121,10000,1000,0.05,0.05,tournament,DP,0.15,random,29271,4,29271,"[27813, 12792, 24732, 7935, 15333, 21135, 24681, 28494, 28788, 29271, 20598]","[25800, 24042, 28494, 28788, 29271, 20598]",0,"[0, 0, 0, 1, 1, 1, 1, 2, 2, 2, 2, 2, 3, 3, 3, 3, 2, 4, 4, 4, 4, 5, 5, 5, 5, 6, 6, 6, 6, 7, 7, 7, 7, 7, 8, 8, 7, 7, 9, 8, 5, 5, 6, 9, 9, 7, 9, 9, 9, 10, 10, 10, 10, 10, 10, 10, 10, 10, 10]"
23121,10000,1000,0.05,0.05,tournament,UX,0.15,random,28896,24,28896,"[27813, 12792, 24732, 9636, 13632, 18711, 27105, 28869, 28788, 28896, 20598]","[27501, 22341, 28869, 28788, 28896, 20598]",0,"[0, 0, 0, 1, 1, 1, 1, 2, 2, 2, 2, 2, 3, 3, 3, 3, 2, 3, 4, 4, 4, 5, 5, 5, 6, 6, 6, 6, 6, 7, 7, 7, 7, 7, 8, 8, 9, 9, 7, 8, 5, 5, 6, 9, 9, 9, 9, 9, 9, 10, 10, 10, 10, 10, 10, 10, 10, 10, 10]"
23121,10000,1000,0.05,0.1,roulette,SP,0.05,random,29259,4,29259,"[27813, 14730, 20694, 7935, 24822, 13746, 24681, 28335, 28959, 29259, 20598]","[23700, 26142, 28335, 28959, 29259, 20598]",0,"[0, 0, 0, 1, 1, 1, 1, 1, 2, 2, 2, 2, 3, 3, 3, 3, 4, 4, 4, 4, 4, 5, 5, 5, 5, 6, 6, 6, 6, 7, 7, 8, 8, 8, 9, 8, 8, 9, 8, 7, 4, 4, 6, 7, 7, 7, 9, 9, 9, 10, 10, 10, 10, 10, 10, 10, 10, 10, 10]"
23121,10000,1000,0.05,0.1,roulette,DP,0.05,random,29049,0,29049,"[27813, 12792, 24732, 7935, 13128, 20916, 27105, 28716, 28788, 29049, 20598]","[25800, 24042, 28716, 28788, 29049, 20598]",0,"[0, 0, 0, 1, 1, 1, 1, 2, 2, 2, 2, 2, 3, 3, 3, 3, 2, 4, 4, 4, 5, 5, 5, 5, 6, 6, 6, 6, 6, 7, 7, 7, 7, 7, 8, 8, 7, 7, 9, 8, 5, 5, 6, 7, 7, 9, 9, 9, 9, 10, 10, 10, 10, 10, 10, 10, 10, 10, 10]"
23121,10000,1000,0.05,0.1,roulette,UX,0.05,random,28896,16,28896,"[27813, 12792, 24732, 7935, 22722, 11322, 27105, 28869, 28788, 28896, 20598]","[25800, 24042, 28869, 28788, 28896, 20598]",0,"[0, 0, 0, 1, 1, 1, 1, 2, 2, 2, 2, 2, 3, 3, 3, 3, 2, 4, 4, 4, 4, 5, 5, 5, 6, 6, 6, 6, 6, 7, 7, 7, 7, 7, 8, 8, 9, 9, 7, 8, 4, 4, 6, 9, 9, 9, 9, 9, 9, 10, 10, 10, 10, 10, 10, 10, 10, 10, 10]"
23121,10000,1000,0.05,0.1,roulette,SP,0.1,random,29325,3,29325,"[29064, 13479, 20694, 7935, 24822, 11322, 27105, 29325, 29283, 27945, 20598]","[23700, 26142, 29325, 29283, 27945, 20598]",0,"[0, 0, 0, 0, 1, 1, 1, 1, 2, 2, 2, 2, 3, 3, 3, 3, 4, 4, 4, 4, 4, 5, 5, 5, 6, 6, 6, 6, 6, 7, 7, 8, 8, 8, 8, 7, 7, 8, 7, 9, 4, 4, 6, 7, 7, 9, 7, 9, 9, 10, 10, 10, 10, 10, 10, 10, 10, 10, 10]"
23121,10000,1000,0.05,0.1,roulette,DP,0.1,random,29004,3,29004,"[27813, 14730, 20694, 7935, 22617, 15951, 24681, 28758, 28791, 29004, 20598]","[23700, 26142, 28758, 28791, 29004, 20598]",0,"[0, 0, 0, 1, 1, 1, 1, 1, 2, 2, 2, 2, 3, 3, 3, 3, 4, 4, 4, 4, 5, 5, 5, 5, 5, 6, 6, 6, 6, 7, 7, 7, 7, 7, 9, 7, 8, 7, 8, 9, 4, 4, 6, 7, 7, 8, 8, 8, 9, 10, 10, 10, 10, 10, 10, 10, 10, 10, 10]"
23121,10000,1000,0.05,0.1,roulette,UX,0.1,random,28896,8,28896,"[27813, 12792, 24732, 9636, 13632, 21135, 24681, 28869, 28788, 28896, 20598]","[27501, 22341, 28869, 28788, 28896, 20598]",0,"[0, 0, 0, 1, 1, 1, 1, 2, 2, 2, 2, 2, 3, 3, 3, 3, 2, 3, 4, 4, 4, 5, 5, 5, 5, 6, 6, 6, 6, 7, 7, 7, 7, 7, 8, 8, 9, 9, 7, 8, 5, 5, 6, 9, 9, 9, 9, 9, 9, 10, 10, 10, 10, 10, 10, 10, 10, 10, 10]"
23121,10000,1000,0.05,0.1,roulette,SP,0.15,random,29139,0,29139,"[27813, 14730, 22794, 9636, 21021, 11322, 27105, 29139, 28638, 28776, 20598]","[27501, 22341, 29139, 28638, 28776, 20598]",0,"[0, 0, 0, 1, 1, 1, 1, 1, 2, 2, 2, 2, 3, 3, 3, 3, 2, 3, 4, 4, 4, 5, 5, 5, 6, 6, 6, 6, 6, 7, 7, 8, 8, 7, 7, 9, 8, 9, 9, 8, 4, 4, 6, 8, 8, 8, 9, 9, 9, 10, 10, 10, 10, 10, 10, 10, 10, 10, 10]"
23121,10000,1000,0.05,0.1,roulette,DP,0.15,random,29001,3,29001,"[27813, 12792, 24732, 7935, 22722, 11322, 27105, 28818, 29001, 28734, 20598]","[25800, 24042, 28818, 29001, 28734, 20598]",0,"[0, 0, 0, 1, 1, 1, 1, 2, 2, 2, 2, 2, 3, 3, 3, 3, 2, 4, 4, 4, 4, 5, 5, 5, 6, 6, 6, 6, 6, 7, 7, 8, 8, 7, 8, 7, 9, 9, 9, 8, 4, 4, 6, 7, 7, 7, 9, 9, 9, 10, 10, 10, 10, 10, 10, 10, 10, 10, 10]"
23121,10000,1000,0.05,0.1,roulette,UX,0.15,random,28896,6,28896,"[27813, 12792, 24732, 7935, 13128, 20916, 27105, 28869, 28788, 28896, 20598]","[25800, 24042, 28869, 28788, 28896, 20598]",0,"[0, 0, 0, 1, 1, 1, 1, 2, 2, 2, 2, 2, 3, 3, 3, 3, 2, 4, 4, 4, 5, 5, 5, 5, 6, 6, 6, 6, 6, 7, 7, 7, 7, 7, 8, 8, 9, 9, 7, 8, 5, 5, 6, 9, 9, 9, 9, 9, 9, 10, 10, 10, 10, 10, 10, 10, 10, 10, 10]"
23121,10000,1000,0.05,0.1,rank,SP,0.05,random,29316,9,29316,"[29064, 11541, 22632, 7935, 15228, 20916, 27105, 29316, 28788, 28449, 20598]","[23700, 26142, 29316, 28788, 28449, 20598]",0,"[0, 0, 0, 0, 1, 1, 1, 2, 2, 2, 2, 2, 3, 3, 3, 3, 4, 4, 4, 4, 5, 5, 5, 5, 6, 6, 6, 6, 6, 7, 7, 7, 7, 9, 8, 8, 7, 9, 7, 8, 5, 5, 6, 9, 9, 7, 7, 9, 9, 10, 10, 10, 10, 10, 10, 10, 10, 10, 10]"
23121,10000,1000,0.05,0.1,rank,DP,0.05,random,29001,9,29001,"[27813, 12792, 24732, 7935, 13128, 23340, 24681, 28944, 29001, 28608, 20598]","[25800, 24042, 28944, 29001, 28608, 20598]",0,"[0, 0, 0, 1, 1, 1, 1, 2, 2, 2, 2, 2, 3, 3, 3, 3, 2, 4, 4, 4, 5, 5, 5, 5, 5, 6, 6, 6, 6, 7, 7, 8, 8, 9, 8, 7, 9, 7, 7, 8, 5, 5, 6, 9, 9, 7, 7, 9, 9, 10, 10, 10, 10, 10, 10, 10, 10, 10, 10]"
23121,10000,1000,0.05,0.1,rank,UX,0.05,random,28896,13,28896,"[27813, 14730, 22794, 7935, 15333, 21135, 24681, 28869, 28788, 28896, 20598]","[25800, 24042, 28869, 28788, 28896, 20598]",0,"[0, 0, 0, 1, 1, 1, 1, 1, 2, 2, 2, 2, 3, 3, 3, 3, 2, 4, 4, 4, 4, 5, 5, 5, 5, 6, 6, 6, 6, 7, 7, 7, 7, 7, 8, 8, 9, 9, 7, 8, 5, 5, 6, 9, 9, 9, 9, 9, 9, 10, 10, 10, 10, 10, 10, 10, 10, 10, 10]"
23121,10000,1000,0.05,0.1,rank,SP,0.1,random,29139,5,29139,"[27813, 12792, 22632, 7935, 24822, 13746, 24681, 29139, 28518, 28896, 20598]","[23700, 26142, 29139, 28518, 28896, 20598]",0,"[0, 0, 0, 1, 1, 1, 1, 2, 2, 2, 2, 2, 3, 3, 3, 3, 4, 4, 4, 4, 4, 5, 5, 5, 5, 6, 6, 6, 6, 7, 7, 8, 8, 7, 7, 8, 9, 9, 8, 8, 4, 4, 6, 9, 9, 9, 9, 9, 9, 10, 10, 10, 10, 10, 10, 10, 10, 10, 10]"
23121,10000,1000,0.05,0.1,rank,DP,0.1,random,29148,8,29148,"[29064, 11541, 22632, 7935, 15228, 20916, 27105, 28818, 28587, 29148, 20598]","[23700, 26142, 28818, 28587, 29148, 20598]",0,"[0, 0, 0, 0, 1, 1, 1, 2, 2, 2, 2, 2, 3, 3, 3, 3, 4, 4, 4, 4, 5, 5, 5, 5, 6, 6, 6, 6, 6, 7, 7, 9, 9, 7, 8, 7, 9, 8, 9, 8, 5, 5, 6, 7, 7, 7, 9, 9, 9, 10, 10, 10, 10, 10, 10, 10, 10, 10, 10]"
23121,10000,1000,0.05,0.1,rank,UX,0.1,random,29001,7,29001,"[27813, 12792, 22632, 7935, 15228, 23340, 24681, 28902, 29001, 28650, 20598]","[23700, 26142, 28902, 29001, 28650, 20598]",0,"[0, 0, 0, 1, 1, 1, 1, 2, 2, 2, 2, 2, 3, 3, 3, 3, 4, 4, 4, 4, 5, 5, 5, 5, 5, 6, 6, 6, 6, 7, 7, 8, 8, 9, 8, 9, 7, 7, 7, 8, 5, 5, 6, 9, 9, 7, 7, 9, 9, 10, 10, 10, 10, 10, 10, 10, 10, 10, 10]"
23121,10000,1000,0.05,0.1,rank,SP,0.15,random,29139,4,29139,"[29064, 11541, 22632, 7935, 17433, 18711, 27105, 29139, 28518, 28896, 20598]","[23700, 26142, 29139, 28518, 28896, 20598]",0,"[0, 0, 0, 0, 1, 1, 1, 2, 2, 2, 2, 2, 3, 3, 3, 3, 4, 4, 4, 4, 4, 5, 5, 5, 6, 6, 6, 6, 6, 7, 7, 8, 8, 7, 7, 8, 9, 9, 8, 8, 5, 5, 6, 9, 9, 9, 9, 9, 9, 10, 10, 10, 10, 10, 10, 10, 10, 10, 10]"
23121,10000,1000,0.05,0.1,rank,DP,0.15,random,28896,34,28896,"[27813, 14730, 20694, 7935, 17433, 21135, 24681, 28869, 28788, 28896, 20598]","[23700, 26142, 28869, 28788, 28896, 20598]",0,"[0, 0, 0, 1, 1, 1, 1, 1, 2, 2, 2, 2, 3, 3, 3, 3, 4, 4, 4, 4, 4, 5, 5, 5, 5, 6, 6, 6, 6, 7, 7, 7, 7, 7, 8, 8, 9, 9, 7, 8, 5, 5, 6, 9, 9, 9, 9, 9, 9, 10, 10, 10, 10, 10, 10, 10, 10, 10, 10]"
23121,10000,1000,0.05,0.1,rank,UX,0.15,random,28896,9,28896,"[27813, 12792, 24732, 7935, 15333, 18711, 27105, 28869, 28788, 28896, 20598]","[25800, 24042, 28869, 28788, 28896, 20598]",0,"[0, 0, 0, 1, 1, 1, 1, 2, 2, 2, 2, 2, 3, 3, 3, 3, 2, 4, 4, 4, 4, 5, 5, 5, 6, 6, 6, 6, 6, 7, 7, 7, 7, 7, 8, 8, 9, 9, 7, 8, 5, 5, 6, 9, 9, 9, 9, 9, 9, 10, 10, 10, 10, 10, 10, 10, 10, 10, 10]"
23121,10000,1000,0.05,0.1,tournament,SP,0.05,random,29139,3,29139,"[27813, 12792, 24732, 9636, 11427, 20916, 27105, 29139, 28731, 28683, 20598]","[27501, 22341, 29139, 28731, 28683, 20598]",0,"[0, 0, 0, 1, 1, 1, 1, 2, 2, 2, 2, 2, 3, 3, 3, 3, 2, 3, 4, 4, 5, 5, 5, 5, 6, 6, 6, 6, 6, 7, 7, 8, 8, 7, 7, 9, 8, 8, 8, 9, 5, 5, 6, 9, 9, 9, 8, 8, 9, 10, 10, 10, 10, 10, 10, 10, 10, 10, 10]"
23121,10000,1000,0.05,0.1,tournament,DP,0.05,random,29001,8,29001,"[27813, 12792, 24732, 7935, 15333, 21135, 24681, 28656, 29001, 28896, 20598]","[25800, 24042, 28656, 29001, 28896, 20598]",0,"[0, 0, 0, 1, 1, 1, 1, 2, 2, 2, 2, 2, 3, 3, 3, 3, 2, 4, 4, 4, 4, 5, 5, 5, 5, 6, 6, 6, 6, 7, 7, 8, 8, 7, 8, 7, 9, 9, 7, 8, 5, 5, 6, 9, 9, 9, 9, 9, 9, 10, 10, 10, 10, 10, 10, 10, 10, 10, 10]"
23121,10000,1000,0.05,0.1,tournament,UX,0.05,random,28944,7,28944,"[27813, 14730, 22794, 7935, 13128, 20916, 27105, 28944, 28746, 28863, 20598]","[25800, 24042, 28944, 28746, 28863, 20598]",0,"[0, 0, 0, 1, 1, 1, 1, 1, 2, 2, 2, 2, 3, 3, 3, 3, 2, 4, 4, 4, 5, 5, 5, 5, 6, 6, 6, 6, 6, 7, 7, 9, 9, 9, 8, 7, 8, 7, 7, 8, 5, 5, 6, 9, 9, 7, 7, 9, 9, 10, 10, 10, 10, 10, 10, 10, 10, 10, 10]"
23121,10000,1000,0.05,0.1,tournament,SP,0.1,random,29247,13,29247,"[27813, 12792, 22632, 7935, 17433, 18711, 27105, 29139, 29247, 28167, 20598]","[23700, 26142, 29139, 29247, 28167, 20598]",0,"[0, 0, 0, 1, 1, 1, 1, 2, 2, 2, 2, 2, 3, 3, 3, 3, 4, 4, 4, 4, 4, 5, 5, 5, 6, 6, 6, 6, 6, 7, 7, 8, 8, 7, 7, 8, 8, 8, 8, 9, 5, 5, 6, 9, 9, 8, 8, 9, 9, 10, 10, 10, 10, 10, 10, 10, 10, 10, 10]"
23121,10000,1000,0.05,0.1,tournament,DP,0.1,random,28944,4,28944,"[27813, 12792, 22632, 7935, 24822, 13746, 24681, 28944, 28746, 28863, 20598]","[23700, 26142, 28944, 28746, 28863, 20598]",0,"[0, 0, 0, 1, 1, 1, 1, 2, 2, 2, 2, 2, 3, 3, 3, 3, 4, 4, 4, 4, 4, 5, 5, 5, 5, 6, 6, 6, 6, 7, 7, 9, 9, 9, 8, 7, 8, 7, 7, 8, 4, 4, 6, 9, 9, 7, 7, 9, 9, 10, 10, 10, 10, 10, 10, 10, 10, 10, 10]"
23121,10000,1000,0.05,0.1,tournament,UX,0.1,random,28896,5,28896,"[27813, 12792, 24732, 9636, 11427, 23340, 24681, 28869, 28788, 28896, 20598]","[27501, 22341, 28869, 28788, 28896, 20598]",0,"[0, 0, 0, 1, 1, 1, 1, 2, 2, 2, 2, 2, 3, 3, 3, 3, 2, 3, 4, 4, 5, 5, 5, 5, 5, 6, 6, 6, 6, 7, 7, 7, 7, 7, 8, 8, 9, 9, 7, 8, 5, 5, 6, 9, 9, 9, 9, 9, 9, 10, 10, 10, 10, 10, 10, 10, 10, 10, 10]"
23121,10000,1000,0.05,0.1,tournament,SP,0.15,random,29004,8,29004,"[27813, 12792, 24732, 9636, 18816, 13527, 27105, 28614, 28935, 29004, 20598]","[27501, 22341, 28614, 28935, 29004, 20598]",0,"[0, 0, 0, 1, 1, 1, 1, 2, 2, 2, 2, 2, 3, 3, 3, 3, 2, 3, 4, 4, 5, 5, 5, 5, 6, 6, 6, 6, 6, 7, 7, 8, 8, 7, 9, 8, 7, 8, 7, 9, 4, 4, 6, 8, 8, 8, 8, 8, 9, 10, 10, 10, 10, 10, 10, 10, 10, 10, 10]"
23121,10000,1000,0.05,0.1,tournament,DP,0.15,random,29097,4,29097,"[29064, 13479, 22794, 9636, 18816, 13527, 27105, 28455, 29001, 29097, 20598]","[27501, 22341, 28455, 29001, 29097, 20598]",0,"[0, 0, 0, 0, 1, 1, 1, 1, 2, 2, 2, 2, 3, 3, 3, 3, 2, 3, 4, 4, 5, 5, 5, 5, 6, 6, 6, 6, 6, 7, 7, 8, 8, 7, 8, 9, 9, 7, 7, 8, 4, 4, 6, 9, 9, 9, 9, 9, 9, 10, 10, 10, 10, 10, 10, 10, 10, 10, 10]"
23121,10000,1000,0.05,0.1,tournament,UX,0.15,random,28944,9,28944,"[27813, 14730, 22794, 7935, 22722, 11322, 27105, 28944, 28746, 28863, 20598]","[25800, 24042, 28944, 28746, 28863, 20598]",0,"[0, 0, 0, 1, 1, 1, 1, 1, 2, 2, 2, 2, 3, 3, 3, 3, 2, 4, 4, 4, 4, 5, 5, 5, 6, 6, 6, 6, 6, 7, 7, 9, 9, 9, 8, 7, 8, 7, 7, 8, 4, 4, 6, 9, 9, 7, 7, 9, 9, 10, 10, 10, 10, 10, 10, 10, 10, 10, 10]"
23121,10000,1000,0.1,0.05,roulette,SP,0.05,random,29475,2,29475,"[29064, 11541, 24732, 7935, 22722, 13746, 24681, 28470, 29475, 28608, 20598]","[25800, 24042, 28470, 29475, 28608, 20598]",0,"[0, 0, 0, 0, 1, 1, 1, 2, 2, 2, 2, 2, 3, 3, 3, 3, 2, 4, 4, 4, 4, 5, 5, 5, 5, 6, 6, 6, 6, 7, 7, 7, 7, 9, 7, 8, 9, 8, 7, 8, 4, 4, 6, 9, 9, 7, 8, 9, 9, 10, 10, 10, 10, 10, 10, 10, 10, 10, 10]"
23121,10000,1000,0.1,0.05,roulette,DP,0.05,random,28938,1,28938,"[27813, 14730, 22794, 9636, 21021, 11322, 27105, 28869, 28746, 28938, 20598]","[27501, 22341, 28869, 28746, 28938, 20598]",0,"[0, 0, 0, 1, 1, 1, 1, 1, 2, 2, 2, 2, 3, 3, 3, 3, 2, 3, 4, 4, 4, 5, 5, 5, 6, 6, 6, 6, 6, 7, 7, 7, 7, 7, 8, 9, 8, 9, 7, 8, 4, 4, 6, 9, 9, 9, 9, 9, 9, 10, 10, 10, 10, 10, 10, 10, 10, 10, 10]"
23121,10000,1000,0.1,0.05,roulette,UX,0.05,random,28896,3,28896,"[27813, 14730, 20694, 7935, 22617, 13527, 27105, 28869, 28788, 28896, 20598]","[23700, 26142, 28869, 28788, 28896, 20598]",0,"[0, 0, 0, 1, 1, 1, 1, 1, 2, 2, 2, 2, 3, 3, 3, 3, 4, 4, 4, 4, 5, 5, 5, 5, 6, 6, 6, 6, 6, 7, 7, 7, 7, 7, 8, 8, 9, 9, 7, 8, 4, 4, 6, 9, 9, 9, 9, 9, 9, 10, 10, 10, 10, 10, 10, 10, 10, 10, 10]"
23121,10000,1000,0.1,0.05,roulette,SP,0.1,random,29703,0,29703,"[29064, 13479, 22794, 7935, 20517, 13527, 25689, 28824, 29442, 29703, 20598]","[25800, 22626, 28824, 29442, 29703, 20598]",0,"[0, 0, 0, 0, 1, 1, 1, 1, 2, 2, 2, 2, 3, 3, 3, 3, 2, 4, 4, 4, 5, 5, 5, 5, 6, 6, 6, 6, 6, 7, 7, 8, 8, 8, 8, 7, 8, 9, 7, 9, 4, 4, 7, 7, 7, 9, 7, 9, 9, 10, 10, 10, 10, 10, 10, 10, 10, 10, 10]"
23121,10000,1000,0.1,0.05,roulette,DP,0.1,random,29097,1,29097,"[29064, 13479, 22794, 7935, 20517, 13527, 27105, 28455, 29001, 29097, 20598]","[25800, 24042, 28455, 29001, 29097, 20598]",0,"[0, 0, 0, 0, 1, 1, 1, 1, 2, 2, 2, 2, 3, 3, 3, 3, 2, 4, 4, 4, 5, 5, 5, 5, 6, 6, 6, 6, 6, 7, 7, 8, 8, 7, 8, 9, 9, 7, 7, 8, 4, 4, 6, 9, 9, 9, 9, 9, 9, 10, 10, 10, 10, 10, 10, 10, 10, 10, 10]"
23121,10000,1000,0.1,0.05,roulette,UX,0.1,random,28896,4,28896,"[27813, 14730, 22794, 7935, 22722, 11322, 27105, 28869, 28788, 28896, 20598]","[25800, 24042, 28869, 28788, 28896, 20598]",0,"[0, 0, 0, 1, 1, 1, 1, 1, 2, 2, 2, 2, 3, 3, 3, 3, 2, 4, 4, 4, 4, 5, 5, 5, 6, 6, 6, 6, 6, 7, 7, 7, 7, 7, 8, 8, 9, 9, 7, 8, 4, 4, 6, 9, 9, 9, 9, 9, 9, 10, 10, 10, 10, 10, 10, 10, 10, 10, 10]"
23121,10000,1000,0.1,0.05,roulette,SP,0.15,random,29229,2,29229,"[29064, 13479, 22794, 7935, 22722, 13746, 24681, 28173, 29229, 29151, 20598]","[25800, 24042, 28173, 29229, 29151, 20598]",0,"[0, 0, 0, 0, 1, 1, 1, 1, 2, 2, 2, 2, 3, 3, 3, 3, 2, 4, 4, 4, 4, 5, 5, 5, 5, 6, 6, 6, 6, 7, 7, 9, 9, 8, 8, 8, 8, 9, 7, 7, 4, 4, 6, 9, 9, 9, 9, 9, 9, 10, 10, 10, 10, 10, 10, 10, 10, 10, 10]"
23121,10000,1000,0.1,0.05,roulette,DP,0.15,random,29139,2,29139,"[29064, 13479, 22794, 9636, 21021, 11322, 27105, 29139, 28317, 29097, 20598]","[27501, 22341, 29139, 28317, 29097, 20598]",0,"[0, 0, 0, 0, 1, 1, 1, 1, 2, 2, 2, 2, 3, 3, 3, 3, 2, 3, 4, 4, 4, 5, 5, 5, 6, 6, 6, 6, 6, 7, 7, 8, 8, 7, 7, 9, 9, 8, 8, 8, 4, 4, 6, 9, 9, 9, 9, 9, 9, 10, 10, 10, 10, 10, 10, 10, 10, 10, 10]"
23121,10000,1000,0.1,0.05,roulette,UX,0.15,random,28896,9,28896,"[27813, 12792, 24732, 7935, 13128, 20916, 27105, 28869, 28788, 28896, 20598]","[25800, 24042, 28869, 28788, 28896, 20598]",0,"[0, 0, 0, 1, 1, 1, 1, 2, 2, 2, 2, 2, 3, 3, 3, 3, 2, 4, 4, 4, 5, 5, 5, 5, 6, 6, 6, 6, 6, 7, 7, 7, 7, 7, 8, 8, 9, 9, 7, 8, 5, 5, 6, 9, 9, 9, 9, 9, 9, 10, 10, 10, 10, 10, 10, 10, 10, 10, 10]"
23121,10000,1000,0.1,0.05,rank,SP,0.05,random,29148,16,29148,"[27813, 14730, 22794, 7935, 13128, 23340, 24681, 28335, 29070, 29148, 20598]","[25800, 24042, 28335, 29070, 29148, 20598]",0,"[0, 0, 0, 1, 1, 1, 1, 1, 2, 2, 2, 2, 3, 3, 3, 3, 2, 4, 4, 4, 5, 5, 5, 5, 5, 6, 6, 6, 6, 7, 7, 9, 9, 8, 8, 8, 9, 8, 9, 7, 5, 5, 6, 7, 7, 7, 9, 9, 9, 10, 10, 10, 10, 10, 10, 10, 10, 10, 10]"
23121,10000,1000,0.1,0.05,rank,DP,0.05,random,29049,3,29049,"[27813, 12792, 22632, 7935, 15228, 23340, 24681, 28476, 29028, 29049, 20598]","[23700, 26142, 28476, 29028, 29049, 20598]",0,"[0, 0, 0, 1, 1, 1, 1, 2, 2, 2, 2, 2, 3, 3, 3, 3, 4, 4, 4, 4, 5, 5, 5, 5, 5, 6, 6, 6, 6, 7, 7, 7, 7, 8, 8, 7, 8, 8, 9, 7, 5, 5, 6, 7, 7, 9, 9, 9, 9, 10, 10, 10, 10, 10, 10, 10, 10, 10, 10]"
23121,10000,1000,0.1,0.05,rank,UX,0.05,random,28938,9,28938,"[27813, 12792, 24732, 7935, 22722, 11322, 27105, 28869, 28746, 28938, 20598]","[25800, 24042, 28869, 28746, 28938, 20598]",0,"[0, 0, 0, 1, 1, 1, 1, 2, 2, 2, 2, 2, 3, 3, 3, 3, 2, 4, 4, 4, 4, 5, 5, 5, 6, 6, 6, 6, 6, 7, 7, 7, 7, 7, 8, 9, 8, 9, 7, 8, 4, 4, 6, 9, 9, 9, 9, 9, 9, 10, 10, 10, 10, 10, 10, 10, 10, 10, 10]"
23121,10000,1000,0.1,0.05,rank,SP,0.1,random,29343,8,29343,"[27813, 14730, 20694, 7935, 24822, 11322, 27105, 29043, 29343, 28167, 20598]","[23700, 26142, 29043, 29343, 28167, 20598]",0,"[0, 0, 0, 1, 1, 1, 1, 1, 2, 2, 2, 2, 3, 3, 3, 3, 4, 4, 4, 4, 4, 5, 5, 5, 6, 6, 6, 6, 6, 7, 7, 7, 7, 8, 8, 7, 7, 7, 7, 9, 4, 4, 6, 9, 9, 8, 7, 9, 9, 10, 10, 10, 10, 10, 10, 10, 10, 10, 10]"
23121,10000,1000,0.1,0.05,rank,DP,0.1,random,29343,21,29343,"[27813, 14730, 22794, 7935, 22722, 11322, 27105, 29325, 29343, 27885, 20598]","[25800, 24042, 29325, 29343, 27885, 20598]",0,"[0, 0, 0, 1, 1, 1, 1, 1, 2, 2, 2, 2, 3, 3, 3, 3, 2, 4, 4, 4, 4, 5, 5, 5, 6, 6, 6, 6, 6, 7, 7, 9, 9, 8, 8, 7, 7, 9, 7, 9, 4, 4, 6, 7, 7, 8, 7, 9, 9, 10, 10, 10, 10, 10, 10, 10, 10, 10, 10]"
23121,10000,1000,0.1,0.05,rank,UX,0.1,random,29001,5,29001,"[27813, 14730, 20694, 7935, 15228, 20916, 27105, 28869, 29001, 28683, 20598]","[23700, 26142, 28869, 29001, 28683, 20598]",0,"[0, 0, 0, 1, 1, 1, 1, 1, 2, 2, 2, 2, 3, 3, 3, 3, 4, 4, 4, 4, 5, 5, 5, 5, 6, 6, 6, 6, 6, 7, 7, 7, 7, 7, 8, 9, 8, 8, 7, 9, 5, 5, 6, 9, 9, 9, 8, 8, 9, 10, 10, 10, 10, 10, 10, 10, 10, 10, 10]"
23121,10000,1000,0.1,0.05,rank,SP,0.15,random,29271,9,29271,"[29064, 11541, 22632, 7935, 15228, 23340, 24681, 28494, 28788, 29271, 20598]","[23700, 26142, 28494, 28788, 29271, 20598]",0,"[0, 0, 0, 0, 1, 1, 1, 2, 2, 2, 2, 2, 3, 3, 3, 3, 4, 4, 4, 4, 5, 5, 5, 5, 5, 6, 6, 6, 6, 7, 7, 7, 7, 7, 8, 8, 7, 7, 9, 8, 5, 5, 6, 9, 9, 7, 9, 9, 9, 10, 10, 10, 10, 10, 10, 10, 10, 10, 10]"
23121,10000,1000,0.1,0.05,rank,DP,0.15,random,28944,5,28944,"[27813, 14730, 20694, 7935, 17433, 21135, 24681, 28944, 28746, 28863, 20598]","[23700, 26142, 28944, 28746, 28863, 20598]",0,"[0, 0, 0, 1, 1, 1, 1, 1, 2, 2, 2, 2, 3, 3, 3, 3, 4, 4, 4, 4, 4, 5, 5, 5, 5, 6, 6, 6, 6, 7, 7, 9, 9, 9, 8, 7, 8, 7, 7, 8, 5, 5, 6, 9, 9, 7, 7, 9, 9, 10, 10, 10, 10, 10, 10, 10, 10, 10, 10]"
23121,10000,1000,0.1,0.05,rank,UX,0.15,random,29103,5,29103,"[29064, 11541, 22632, 7935, 15228, 20916, 27105, 29103, 28587, 28863, 20598]","[23700, 26142, 29103, 28587, 28863, 20598]",0,"[0, 0, 0, 0, 1, 1, 1, 2, 2, 2, 2, 2, 3, 3, 3, 3, 4, 4, 4, 4, 5, 5, 5, 5, 6, 6, 6, 6, 6, 7, 7, 9, 9, 9, 8, 7, 7, 8, 7, 8, 5, 5, 6, 9, 9, 7, 7, 9, 9, 10, 10, 10, 10, 10, 10, 10, 10, 10, 10]"
23121,10000,1000,0.1,0.05,tournament,SP,0.05,random,29475,13,29475,"[29064, 13479, 20694, 7935, 17433, 21135, 24681, 29031, 29475, 28047, 20598]","[23700, 26142, 29031, 29475, 28047, 20598]",0,"[0, 0, 0, 0, 1, 1, 1, 1, 2, 2, 2, 2, 3, 3, 3, 3, 4, 4, 4, 4, 4, 5, 5, 5, 5, 6, 6, 6, 6, 7, 7, 7, 7, 7, 9, 8, 9, 8, 9, 8, 5, 5, 6, 7, 7, 7, 8, 9, 9, 10, 10, 10, 10, 10, 10, 10, 10, 10, 10]"
23121,10000,1000,0.1,0.05,tournament,DP,0.05,random,29259,9,29259,"[27813, 12792, 22632, 7935, 22617, 15951, 24681, 28656, 28638, 29259, 20598]","[23700, 26142, 28656, 28638, 29259, 20598]",0,"[0, 0, 0, 1, 1, 1, 1, 2, 2, 2, 2, 2, 3, 3, 3, 3, 4, 4, 4, 4, 5, 5, 5, 5, 5, 6, 6, 6, 6, 7, 7, 8, 8, 7, 9, 7, 8, 9, 7, 8, 4, 4, 6, 8, 8, 8, 9, 9, 9, 10, 10, 10, 10, 10, 10, 10, 10, 10, 10]"
23121,10000,1000,0.1,0.05,tournament,UX,0.05,random,28902,17,28902,"[27813, 14730, 22794, 7935, 20517, 13527, 27105, 28902, 28788, 28863, 20598]","[25800, 24042, 28902, 28788, 28863, 20598]",0,"[0, 0, 0, 1, 1, 1, 1, 1, 2, 2, 2, 2, 3, 3, 3, 3, 2, 4, 4, 4, 5, 5, 5, 5, 6, 6, 6, 6, 6, 7, 7, 9, 9, 9, 8, 8, 7, 7, 7, 8, 4, 4, 6, 9, 9, 7, 7, 9, 9, 10, 10, 10, 10, 10, 10, 10, 10, 10, 10]"
23121,10000,1000,0.1,0.05,tournament,SP,0.1,random,29139,5,29139,"[27813, 12792, 24732, 7935, 15333, 18711, 27105, 29139, 28599, 28815, 20598]","[25800, 24042, 29139, 28599, 28815, 20598]",0,"[0, 0, 0, 1, 1, 1, 1, 2, 2, 2, 2, 2, 3, 3, 3, 3, 2, 4, 4, 4, 4, 5, 5, 5, 6, 6, 6, 6, 6, 7, 7, 9, 9, 7, 7, 9, 9, 9, 8, 8, 5, 5, 6, 8, 8, 9, 9, 9, 9, 10, 10, 10, 10, 10, 10, 10, 10, 10, 10]"
23121,10000,1000,0.1,0.05,tournament,DP,0.1,random,28989,3,28989,"[27813, 12792, 22632, 7935, 15228, 23340, 24681, 28776, 28788, 28989, 20598]","[23700, 26142, 28776, 28788, 28989, 20598]",0,"[0, 0, 0, 1, 1, 1, 1, 2, 2, 2, 2, 2, 3, 3, 3, 3, 4, 4, 4, 4, 5, 5, 5, 5, 5, 6, 6, 6, 6, 7, 7, 9, 9, 7, 8, 8, 7, 9, 9, 8, 5, 5, 6, 7, 7, 7, 9, 9, 9, 10, 10, 10, 10, 10, 10, 10, 10, 10, 10]"
23121,10000,1000,0.1,0.05,tournament,UX,0.1,random,28896,5,28896,"[27813, 12792, 22632, 7935, 22617, 15951, 24681, 28869, 28788, 28896, 20598]","[23700, 26142, 28869, 28788, 28896, 20598]",0,"[0, 0, 0, 1, 1, 1, 1, 2, 2, 2, 2, 2, 3, 3, 3, 3, 4, 4, 4, 4, 5, 5, 5, 5, 5, 6, 6, 6, 6, 7, 7, 7, 7, 7, 8, 8, 9, 9, 7, 8, 4, 4, 6, 9, 9, 9, 9, 9, 9, 10, 10, 10, 10, 10, 10, 10, 10, 10, 10]"
23121,10000,1000,0.1,0.05,tournament,SP,0.15,random,29190,13,29190,"[29064, 13479, 20694, 7935, 15228, 20916, 27105, 28335, 29028, 29190, 20598]","[23700, 26142, 28335, 29028, 29190, 20598]",0,"[0, 0, 0, 0, 1, 1, 1, 1, 2, 2, 2, 2, 3, 3, 3, 3, 4, 4, 4, 4, 5, 5, 5, 5, 6, 6, 6, 6, 6, 7, 7, 9, 9, 8, 8, 9, 8, 8, 9, 7, 5, 5, 6, 7, 7, 7, 9, 9, 9, 10, 10, 10, 10, 10, 10, 10, 10, 10, 10]"
23121,10000,1000,0.1,0.05,tournament,DP,0.15,random,28896,1,28896,"[27813, 14730, 22794, 9636, 11427, 23340, 24681, 28869, 28788, 28896, 20598]","[27501, 22341, 28869, 28788, 28896, 20598]",0,"[0, 0, 0, 1, 1, 1, 1, 1, 2, 2, 2, 2, 3, 3, 3, 3, 2, 3, 4, 4, 5, 5, 5, 5, 5, 6, 6, 6, 6, 7, 7, 7, 7, 7, 8, 8, 9, 9, 7, 8, 5, 5, 6, 9, 9, 9, 9, 9, 9, 10, 10, 10, 10, 10, 10, 10, 10, 10, 10]"
23121,10000,1000,0.1,0.05,tournament,UX,0.15,random,28896,30,28896,"[27813, 14730, 22794, 7935, 22722, 11322, 27105, 28869, 28788, 28896, 20598]","[25800, 24042, 28869, 28788, 28896, 20598]",0,"[0, 0, 0, 1, 1, 1, 1, 1, 2, 2, 2, 2, 3, 3, 3, 3, 2, 4, 4, 4, 4, 5, 5, 5, 6, 6, 6, 6, 6, 7, 7, 7, 7, 7, 8, 8, 9, 9, 7, 8, 4, 4, 6, 9, 9, 9, 9, 9, 9, 10, 10, 10, 10, 10, 10, 10, 10, 10, 10]"
23121,10000,1000,0.1,0.1,roulette,SP,0.05,random,29001,4,29001,"[27813, 12792, 22632, 7935, 17433, 18711, 27105, 28614, 29001, 28938, 20598]","[23700, 26142, 28614, 29001, 28938, 20598]",0,"[0, 0, 0, 1, 1, 1, 1, 2, 2, 2, 2, 2, 3, 3, 3, 3, 4, 4, 4, 4, 4, 5, 5, 5, 6, 6, 6, 6, 6, 7, 7, 8, 8, 7, 8, 9, 7, 9, 7, 8, 5, 5, 6, 9, 9, 9, 9, 9, 9, 10, 10, 10, 10, 10, 10, 10, 10, 10, 10]"
23121,10000,1000,0.1,0.1,roulette,DP,0.05,random,29139,4,29139,"[29064, 13479, 22794, 7935, 13128, 20916, 27105, 29139, 28479, 28935, 20598]","[25800, 24042, 29139, 28479, 28935, 20598]",0,"[0, 0, 0, 0, 1, 1, 1, 1, 2, 2, 2, 2, 3, 3, 3, 3, 2, 4, 4, 4, 5, 5, 5, 5, 6, 6, 6, 6, 6, 7, 7, 8, 8, 7, 7, 9, 9, 8, 9, 8, 5, 5, 6, 8, 8, 8, 9, 9, 9, 10, 10, 10, 10, 10, 10, 10, 10, 10, 10]"
23121,10000,1000,0.1,0.1,roulette,UX,0.05,random,28896,7,28896,"[27813, 14730, 20694, 7935, 24822, 11322, 27105, 28869, 28788, 28896, 20598]","[23700, 26142, 28869, 28788, 28896, 20598]",0,"[0, 0, 0, 1, 1, 1, 1, 1, 2, 2, 2, 2, 3, 3, 3, 3, 4, 4, 4, 4, 4, 5, 5, 5, 6, 6, 6, 6, 6, 7, 7, 7, 7, 7, 8, 8, 9, 9, 7, 8, 4, 4, 6, 9, 9, 9, 9, 9, 9, 10, 10, 10, 10, 10, 10, 10, 10, 10, 10]"
23121,10000,1000,0.1,0.1,roulette,SP,0.1,random,29259,1,29259,"[29064, 13479, 22794, 9636, 18816, 15951, 24681, 28254, 29040, 29259, 20598]","[27501, 22341, 28254, 29040, 29259, 20598]",0,"[0, 0, 0, 0, 1, 1, 1, 1, 2, 2, 2, 2, 3, 3, 3, 3, 2, 3, 4, 4, 5, 5, 5, 5, 5, 6, 6, 6, 6, 7, 7, 7, 7, 8, 9, 7, 8, 9, 8, 7, 4, 4, 6, 8, 8, 7, 9, 9, 9, 10, 10, 10, 10, 10, 10, 10, 10, 10, 10]"
23121,10000,1000,0.1,0.1,roulette,DP,0.1,random,29205,3,29205,"[29064, 11541, 24732, 9636, 18816, 15951, 24681, 29205, 28344, 29004, 20598]","[27501, 22341, 29205, 28344, 29004, 20598]",0,"[0, 0, 0, 0, 1, 1, 1, 2, 2, 2, 2, 2, 3, 3, 3, 3, 2, 3, 4, 4, 5, 5, 5, 5, 5, 6, 6, 6, 6, 7, 7, 7, 7, 8, 9, 7, 7, 7, 8, 9, 4, 4, 6, 7, 7, 7, 7, 8, 9, 10, 10, 10, 10, 10, 10, 10, 10, 10, 10]"
23121,10000,1000,0.1,0.1,roulette,UX,0.1,random,28902,8,28902,"[27813, 12792, 24732, 7935, 20517, 13527, 27105, 28902, 28788, 28863, 20598]","[25800, 24042, 28902, 28788, 28863, 20598]",0,"[0, 0, 0, 1, 1, 1, 1, 2, 2, 2, 2, 2, 3, 3, 3, 3, 2, 4, 4, 4, 5, 5, 5, 5, 6, 6, 6, 6, 6, 7, 7, 9, 9, 9, 8, 8, 7, 7, 7, 8, 4, 4, 6, 9, 9, 7, 7, 9, 9, 10, 10, 10, 10, 10, 10, 10, 10, 10, 10]"
23121,10000,1000,0.1,0.1,roulette,SP,0.15,random,29049,3,29049,"[27813, 14730, 22794, 7935, 20517, 13527, 27105, 28503, 29001, 29049, 20598]","[25800, 24042, 28503, 29001, 29049, 20598]",0,"[0, 0, 0, 1, 1, 1, 1, 1, 2, 2, 2, 2, 3, 3, 3, 3, 2, 4, 4, 4, 5, 5, 5, 5, 6, 6, 6, 6, 6, 7, 7, 8, 8, 7, 8, 7, 7, 7, 9, 8, 4, 4, 6, 7, 7, 9, 9, 9, 9, 10, 10, 10, 10, 10, 10, 10, 10, 10, 10]"
23121,10000,1000,0.1,0.1,roulette,DP,0.15,random,29343,3,29343,"[29064, 11541, 22632, 7935, 24822, 11322, 27105, 28062, 29343, 29148, 20598]","[23700, 26142, 28062, 29343, 29148, 20598]",0,"[0, 0, 0, 0, 1, 1, 1, 2, 2, 2, 2, 2, 3, 3, 3, 3, 4, 4, 4, 4, 4, 5, 5, 5, 6, 6, 6, 6, 6, 7, 7, 9, 9, 8, 8, 7, 9, 7, 9, 7, 4, 4, 6, 7, 7, 8, 9, 9, 9, 10, 10, 10, 10, 10, 10, 10, 10, 10, 10]"
23121,10000,1000,0.1,0.1,roulette,UX,0.15,random,28896,5,28896,"[27813, 12792, 22632, 7935, 24822, 11322, 27105, 28869, 28788, 28896, 20598]","[23700, 26142, 28869, 28788, 28896, 20598]",0,"[0, 0, 0, 1, 1, 1, 1, 2, 2, 2, 2, 2, 3, 3, 3, 3, 4, 4, 4, 4, 4, 5, 5, 5, 6, 6, 6, 6, 6, 7, 7, 7, 7, 7, 8, 8, 9, 9, 7, 8, 4, 4, 6, 9, 9, 9, 9, 9, 9, 10, 10, 10, 10, 10, 10, 10, 10, 10, 10]"
23121,10000,1000,0.1,0.1,rank,SP,0.05,random,29001,7,29001,"[27813, 12792, 22632, 7935, 15228, 20916, 27105, 28776, 29001, 28776, 20598]","[23700, 26142, 28776, 29001, 28776, 20598]",0,"[0, 0, 0, 1, 1, 1, 1, 2, 2, 2, 2, 2, 3, 3, 3, 3, 4, 4, 4, 4, 5, 5, 5, 5, 6, 6, 6, 6, 6, 7, 7, 8, 8, 7, 8, 9, 7, 9, 9, 8, 5, 5, 6, 7, 7, 7, 9, 9, 9, 10, 10, 10, 10, 10, 10, 10, 10, 10, 10]"
23121,10000,1000,0.1,0.1,rank,DP,0.05,random,29001,17,29001,"[27813, 14730, 22794, 7935, 15333, 21135, 24681, 28656, 29001, 28896, 20598]","[25800, 24042, 28656, 29001, 28896, 20598]",0,"[0, 0, 0, 1, 1, 1, 1, 1, 2, 2, 2, 2, 3, 3, 3, 3, 2, 4, 4, 4, 4, 5, 5, 5, 5, 6, 6, 6, 6, 7, 7, 8, 8, 7, 8, 7, 9, 9, 7, 8, 5, 5, 6, 9, 9, 9, 9, 9, 9, 10, 10, 10, 10, 10, 10, 10, 10, 10, 10]"
23121,10000,1000,0.1,0.1,rank,UX,0.05,random,28902,7,28902,"[27813, 12792, 24732, 7935, 15333, 21135, 24681, 28902, 28788, 28863, 20598]","[25800, 24042, 28902, 28788, 28863, 20598]",0,"[0, 0, 0, 1, 1, 1, 1, 2, 2, 2, 2, 2, 3, 3, 3, 3, 2, 4, 4, 4, 4, 5, 5, 5, 5, 6, 6, 6, 6, 7, 7, 9, 9, 9, 8, 8, 7, 7, 7, 8, 5, 5, 6, 9, 9, 7, 7, 9, 9, 10, 10, 10, 10, 10, 10, 10, 10, 10, 10]"
23121,10000,1000,0.1,0.1,rank,SP,0.1,random,29049,10,29049,"[27813, 14730, 22794, 7935, 20517, 15951, 24681, 28917, 28587, 29049, 20598]","[25800, 24042, 28917, 28587, 29049, 20598]",0,"[0, 0, 0, 1, 1, 1, 1, 1, 2, 2, 2, 2, 3, 3, 3, 3, 2, 4, 4, 4, 5, 5, 5, 5, 5, 6, 6, 6, 6, 7, 7, 7, 7, 7, 8, 7, 7, 8, 9, 8, 4, 4, 6, 7, 7, 9, 9, 9, 9, 10, 10, 10, 10, 10, 10, 10, 10, 10, 10]"
23121,10000,1000,0.1,0.1,rank,DP,0.1,random,29094,7,29094,"[29064, 11541, 22632, 7935, 24822, 11322, 27105, 28455, 29094, 29004, 20598]","[23700, 26142, 28455, 29094, 29004, 20598]",0,"[0, 0, 0, 0, 1, 1, 1, 2, 2, 2, 2, 2, 3, 3, 3, 3, 4, 4, 4, 4, 4, 5, 5, 5, 6, 6, 6, 6, 6, 7, 7, 8, 8, 7, 9, 8, 8, 7, 7, 9, 4, 4, 6, 8, 8, 8, 8, 8, 9, 10, 10, 10, 10, 10, 10, 10, 10, 10, 10]"
23121,10000,1000,0.1,0.1,rank,UX,0.1,random,28896,8,28896,"[27813, 12792, 22632, 7935, 24822, 13746, 24681, 28869, 28788, 28896, 20598]","[23700, 26142, 28869, 28788, 28896, 20598]",0,"[0, 0, 0, 1, 1, 1, 1, 2, 2, 2, 2, 2, 3, 3, 3, 3, 4, 4, 4, 4, 4, 5, 5, 5, 5, 6, 6, 6, 6, 7, 7, 7, 7, 7, 8, 8, 9, 9, 7, 8, 4, 4, 6, 9, 9, 9, 9, 9, 9, 10, 10, 10, 10, 10, 10, 10, 10, 10, 10]"
23121,10000,1000,0.1,0.1,rank,SP,0.15,random,29070,9,29070,"[27813, 12792, 24732, 7935, 22722, 11322, 27105, 28434, 29070, 29049, 20598]","[25800, 24042, 28434, 29070, 29049, 20598]",0,"[0, 0, 0, 1, 1, 1, 1, 2, 2, 2, 2, 2, 3, 3, 3, 3, 2, 4, 4, 4, 4, 5, 5, 5, 6, 6, 6, 6, 6, 7, 7, 7, 7, 8, 8, 8, 7, 8, 9, 7, 4, 4, 6, 7, 7, 9, 9, 9, 9, 10, 10, 10, 10, 10, 10, 10, 10, 10, 10]"
23121,10000,1000,0.1,0.1,rank,DP,0.15,random,28989,11,28989,"[27813, 14730, 20694, 7935, 24822, 11322, 27105, 28776, 28788, 28989, 20598]","[23700, 26142, 28776, 28788, 28989, 20598]",0,"[0, 0, 0, 1, 1, 1, 1, 1, 2, 2, 2, 2, 3, 3, 3, 3, 4, 4, 4, 4, 4, 5, 5, 5, 6, 6, 6, 6, 6, 7, 7, 9, 9, 7, 8, 8, 7, 9, 9, 8, 4, 4, 6, 7, 7, 7, 9, 9, 9, 10, 10, 10, 10, 10, 10, 10, 10, 10, 10]"
23121,10000,1000,0.1,0.1,rank,UX,0.15,random,28896,3,28896,"[27813, 14730, 22794, 7935, 20517, 15951, 24681, 28869, 28788, 28896, 20598]","[25800, 24042, 28869, 28788, 28896, 20598]",0,"[0, 0, 0, 1, 1, 1, 1, 1, 2, 2, 2, 2, 3, 3, 3, 3, 2, 4, 4, 4, 5, 5, 5, 5, 5, 6, 6, 6, 6, 7, 7, 7, 7, 7, 8, 8, 9, 9, 7, 8, 4, 4, 6, 9, 9, 9, 9, 9, 9, 10, 10, 10, 10, 10, 10, 10, 10, 10, 10]"
23121,10000,1000,0.1,0.1,tournament,SP,0.05,random,29343,5,29343,"[29064, 13479, 22794, 7935, 13128, 23340, 24681, 29124, 29343, 28086, 20598]","[25800, 24042, 29124, 29343, 28086, 20598]",0,"[0, 0, 0, 0, 1, 1, 1, 1, 2, 2, 2, 2, 3, 3, 3, 3, 2, 4, 4, 4, 5, 5, 5, 5, 5, 6, 6, 6, 6, 7, 7, 9, 9, 8, 8, 9, 7, 7, 7, 9, 5, 5, 6, 7, 7, 8, 7, 9, 9, 10, 10, 10, 10, 10, 10, 10, 10, 10, 10]"
23121,10000,1000,0.1,0.1,tournament,DP,0.05,random,29001,12,29001,"[27813, 14730, 22794, 9636, 13632, 21135, 24681, 28614, 29001, 28938, 20598]","[27501, 22341, 28614, 29001, 28938, 20598]",0,"[0, 0, 0, 1, 1, 1, 1, 1, 2, 2, 2, 2, 3, 3, 3, 3, 2, 3, 4, 4, 4, 5, 5, 5, 5, 6, 6, 6, 6, 7, 7, 8, 8, 7, 8, 9, 7, 9, 7, 8, 5, 5, 6, 9, 9, 9, 9, 9, 9, 10, 10, 10, 10, 10, 10, 10, 10, 10, 10]"
23121,10000,1000,0.1,0.1,tournament,UX,0.05,random,28902,7,28902,"[27813, 14730, 20694, 7935, 24822, 11322, 27105, 28902, 28788, 28863, 20598]","[23700, 26142, 28902, 28788, 28863, 20598]",0,"[0, 0, 0, 1, 1, 1, 1, 1, 2, 2, 2, 2, 3, 3, 3, 3, 4, 4, 4, 4, 4, 5, 5, 5, 6, 6, 6, 6, 6, 7, 7, 9, 9, 9, 8, 8, 7, 7, 7, 8, 4, 4, 6, 9, 9, 7, 7, 9, 9, 10, 10, 10, 10, 10, 10, 10, 10, 10, 10]"
23121,10000,1000,0.1,0.1,tournament,SP,0.1,random,29103,1,29103,"[29064, 13479, 22794, 9636, 13632, 18711, 27105, 29103, 29001, 28449, 20598]","[27501, 22341, 29103, 29001, 28449, 20598]",0,"[0, 0, 0, 0, 1, 1, 1, 1, 2, 2, 2, 2, 3, 3, 3, 3, 2, 3, 4, 4, 4, 5, 5, 5, 6, 6, 6, 6, 6, 7, 7, 8, 8, 9, 8, 7, 7, 9, 7, 8, 5, 5, 6, 9, 9, 7, 7, 9, 9, 10, 10, 10, 10, 10, 10, 10, 10, 10, 10]"
23121,10000,1000,0.1,0.1,tournament,DP,0.1,random,29004,8,29004,"[27813, 12792, 24732, 7935, 13128, 20916, 27105, 28695, 28854, 29004, 20598]","[25800, 24042, 28695, 28854, 29004, 20598]",0,"[0, 0, 0, 1, 1, 1, 1, 2, 2, 2, 2, 2, 3, 3, 3, 3, 2, 4, 4, 4, 5, 5, 5, 5, 6, 6, 6, 6, 6, 7, 7, 7, 7, 7, 9, 7, 7, 8, 8, 9, 5, 5, 6, 8, 8, 7, 8, 8, 9, 10, 10, 10, 10, 10, 10, 10, 10, 10, 10]"
23121,10000,1000,0.1,0.1,tournament,UX,0.1,random,28902,7,28902,"[27813, 14730, 22794, 7935, 20517, 13527, 27105, 28902, 28788, 28863, 20598]","[25800, 24042, 28902, 28788, 28863, 20598]",0,"[0, 0, 0, 1, 1, 1, 1, 1, 2, 2, 2, 2, 3, 3, 3, 3, 2, 4, 4, 4, 5, 5, 5, 5, 6, 6, 6, 6, 6, 7, 7, 9, 9, 9, 8, 8, 7, 7, 7, 8, 4, 4, 6, 9, 9, 7, 7, 9, 9, 10, 10, 10, 10, 10, 10, 10, 10, 10, 10]"
23121,10000,1000,0.1,0.1,tournament,SP,0.15,random,28902,20,28902,"[27813, 14730, 20694, 7935, 22617, 15951, 24681, 28902, 28788, 28863, 20598]","[23700, 26142, 28902, 28788, 28863, 20598]",0,"[0, 0, 0, 1, 1, 1, 1, 1, 2, 2, 2, 2, 3, 3, 3, 3, 4, 4, 4, 4, 5, 5, 5, 5, 5, 6, 6, 6, 6, 7, 7, 9, 9, 9, 8, 8, 7, 7, 7, 8, 4, 4, 6, 9, 9, 7, 7, 9, 9, 10, 10, 10, 10, 10, 10, 10, 10, 10, 10]"
23121,10000,1000,0.1,0.1,tournament,DP,0.15,random,29070,12,29070,"[27813, 14730, 20694, 7935, 22617, 13527, 27105, 28434, 29070, 29049, 20598]","[23700, 26142, 28434, 29070, 29049, 20598]",0,"[0, 0, 0, 1, 1, 1, 1, 1, 2, 2, 2, 2, 3, 3, 3, 3, 4, 4, 4, 4, 5, 5, 5, 5, 6, 6, 6, 6, 6, 7, 7, 7, 7, 8, 8, 8, 7, 8, 9, 7, 4, 4, 6, 7, 7, 9, 9, 9, 9, 10, 10, 10, 10, 10, 10, 10, 10, 10, 10]"
23121,10000,1000,0.1,0.1,tournament,UX,0.15,random,28902,21,28902,"[27813, 14730, 20694, 7935, 17433, 18711, 27105, 28902, 28788, 28863, 20598]","[23700, 26142, 28902, 28788, 28863, 20598]",0,"[0, 0, 0, 1, 1, 1, 1, 1, 2, 2, 2, 2, 3, 3, 3, 3, 4, 4, 4, 4, 4, 5, 5, 5, 6, 6, 6, 6, 6, 7, 7, 9, 9, 9, 8, 8, 7, 7, 7, 8, 5, 5, 6, 9, 9, 7, 7, 9, 9, 10, 10, 10, 10, 10, 10, 10, 10, 10, 10]"
23121,10000,1000,0.15,0.05,roulette,SP,0.05,random,29259,3,29259,"[27813, 14730, 20694, 7935, 15228, 23340, 24681, 28917, 28377, 29259, 20598]","[23700, 26142, 28917, 28377, 29259, 20598]",0,"[0, 0, 0, 1, 1, 1, 1, 1, 2, 2, 2, 2, 3, 3, 3, 3, 4, 4, 4, 4, 5, 5, 5, 5, 5, 6, 6, 6, 6, 7, 7, 7, 7, 7, 9, 7, 7, 9, 8, 8, 5, 5, 6, 7, 7, 8, 9, 9, 9, 10, 10, 10, 10, 10, 10, 10, 10, 10, 10]"
23121,10000,1000,0.15,0.05,roulette,DP,0.05,random,29352,1,29352,"[29064, 11541, 22632, 7935, 24822, 11322, 27105, 28173, 29028, 29352, 20598]","[23700, 26142, 28173, 29028, 29352, 20598]",0,"[0, 0, 0, 0, 1, 1, 1, 2, 2, 2, 2, 2, 3, 3, 3, 3, 4, 4, 4, 4, 4, 5, 5, 5, 6, 6, 6, 6, 6, 7, 7, 9, 9, 8, 8, 9, 8, 8, 7, 7, 4, 4, 6, 9, 9, 9, 9, 9, 9, 10, 10, 10, 10, 10, 10, 10, 10, 10, 10]"
23121,10000,1000,0.15,0.05,roulette,UX,0.05,random,28902,5,28902,"[27813, 14730, 22794, 7935, 13128, 23340, 24681, 28902, 28788, 28863, 20598]","[25800, 24042, 28902, 28788, 28863, 20598]",0,"[0, 0, 0, 1, 1, 1, 1, 1, 2, 2, 2, 2, 3, 3, 3, 3, 2, 4, 4, 4, 5, 5, 5, 5, 5, 6, 6, 6, 6, 7, 7, 9, 9, 9, 8, 8, 7, 7, 7, 8, 5, 5, 6, 9, 9, 7, 7, 9, 9, 10, 10, 10, 10, 10, 10, 10, 10, 10, 10]"
23121,10000,1000,0.15,0.05,roulette,SP,0.1,random,29460,3,29460,"[29064, 11541, 24732, 7935, 22722, 11322, 27105, 28716, 28377, 29460, 20598]","[25800, 24042, 28716, 28377, 29460, 20598]",0,"[0, 0, 0, 0, 1, 1, 1, 2, 2, 2, 2, 2, 3, 3, 3, 3, 2, 4, 4, 4, 4, 5, 5, 5, 6, 6, 6, 6, 6, 7, 7, 7, 7, 7, 9, 9, 7, 7, 8, 8, 4, 4, 6, 7, 7, 8, 9, 9, 9, 10, 10, 10, 10, 10, 10, 10, 10, 10, 10]"
23121,10000,1000,0.15,0.05,roulette,DP,0.1,random,29544,2,29544,"[29064, 13479, 22794, 7935, 13128, 23340, 24681, 29544, 28800, 28209, 20598]","[25800, 24042, 29544, 28800, 28209, 20598]",0,"[0, 0, 0, 0, 1, 1, 1, 1, 2, 2, 2, 2, 3, 3, 3, 3, 2, 4, 4, 4, 5, 5, 5, 5, 5, 6, 6, 6, 6, 7, 7, 8, 8, 8, 9, 8, 9, 8, 8, 7, 5, 5, 6, 9, 9, 9, 7, 9, 9, 10, 10, 10, 10, 10, 10, 10, 10, 10, 10]"
23121,10000,1000,0.15,0.05,roulette,UX,0.1,random,28896,10,28896,"[27813, 14730, 20694, 7935, 22617, 13527, 27105, 28869, 28788, 28896, 20598]","[23700, 26142, 28869, 28788, 28896, 20598]",0,"[0, 0, 0, 1, 1, 1, 1, 1, 2, 2, 2, 2, 3, 3, 3, 3, 4, 4, 4, 4, 5, 5, 5, 5, 6, 6, 6, 6, 6, 7, 7, 7, 7, 7, 8, 8, 9, 9, 7, 8, 4, 4, 6, 9, 9, 9, 9, 9, 9, 10, 10, 10, 10, 10, 10, 10, 10, 10, 10]"
23121,10000,1000,0.15,0.05,roulette,SP,0.15,random,29157,2,29157,"[27813, 14730, 22794, 9636, 11427, 23340, 24681, 29157, 28746, 28650, 20598]","[27501, 22341, 29157, 28746, 28650, 20598]",0,"[0, 0, 0, 1, 1, 1, 1, 1, 2, 2, 2, 2, 3, 3, 3, 3, 2, 3, 4, 4, 5, 5, 5, 5, 5, 6, 6, 6, 6, 7, 7, 7, 7, 9, 8, 9, 8, 7, 7, 8, 5, 5, 6, 9, 9, 7, 7, 9, 9, 10, 10, 10, 10, 10, 10, 10, 10, 10, 10]"
23121,10000,1000,0.15,0.05,roulette,DP,0.15,random,28896,2,28896,"[27813, 14730, 22794, 9636, 18816, 13527, 27105, 28869, 28788, 28896, 20598]","[27501, 22341, 28869, 28788, 28896, 20598]",0,"[0, 0, 0, 1, 1, 1, 1, 1, 2, 2, 2, 2, 3, 3, 3, 3, 2, 3, 4, 4, 5, 5, 5, 5, 6, 6, 6, 6, 6, 7, 7, 7, 7, 7, 8, 8, 9, 9, 7, 8, 4, 4, 6, 9, 9, 9, 9, 9, 9, 10, 10, 10, 10, 10, 10, 10, 10, 10, 10]"
23121,10000,1000,0.15,0.05,roulette,UX,0.15,random,28896,5,28896,"[27813, 14730, 22794, 7935, 22722, 13746, 24681, 28869, 28788, 28896, 20598]","[25800, 24042, 28869, 28788, 28896, 20598]",0,"[0, 0, 0, 1, 1, 1, 1, 1, 2, 2, 2, 2, 3, 3, 3, 3, 2, 4, 4, 4, 4, 5, 5, 5, 5, 6, 6, 6, 6, 7, 7, 7, 7, 7, 8, 8, 9, 9, 7, 8, 4, 4, 6, 9, 9, 9, 9, 9, 9, 10, 10, 10, 10, 10, 10, 10, 10, 10, 10]"
23121,10000,1000,0.15,0.05,rank,SP,0.05,random,29031,5,29031,"[27813, 12792, 22632, 7935, 24822, 13746, 24681, 29031, 28746, 28776, 20598]","[23700, 26142, 29031, 28746, 28776, 20598]",0,"[0, 0, 0, 1, 1, 1, 1, 2, 2, 2, 2, 2, 3, 3, 3, 3, 4, 4, 4, 4, 4, 5, 5, 5, 5, 6, 6, 6, 6, 7, 7, 7, 7, 7, 8, 9, 8, 9, 9, 8, 4, 4, 6, 7, 7, 7, 9, 9, 9, 10, 10, 10, 10, 10, 10, 10, 10, 10, 10]"
23121,10000,1000,0.15,0.05,rank,DP,0.05,random,29259,9,29259,"[27813, 14730, 20694, 7935, 17433, 18711, 27105, 28212, 29082, 29259, 20598]","[23700, 26142, 28212, 29082, 29259, 20598]",0,"[0, 0, 0, 1, 1, 1, 1, 1, 2, 2, 2, 2, 3, 3, 3, 3, 4, 4, 4, 4, 4, 5, 5, 5, 6, 6, 6, 6, 6, 7, 7, 7, 7, 8, 9, 8, 7, 9, 8, 7, 5, 5, 6, 8, 8, 7, 9, 9, 9, 10, 10, 10, 10, 10, 10, 10, 10, 10, 10]"
23121,10000,1000,0.15,0.05,rank,UX,0.05,random,28902,4,28902,"[27813, 12792, 22632, 7935, 22617, 13527, 27105, 28902, 28788, 28863, 20598]","[23700, 26142, 28902, 28788, 28863, 20598]",0,"[0, 0, 0, 1, 1, 1, 1, 2, 2, 2, 2, 2, 3, 3, 3, 3, 4, 4, 4, 4, 5, 5, 5, 5, 6, 6, 6, 6, 6, 7, 7, 9, 9, 9, 8, 8, 7, 7, 7, 8, 4, 4, 6, 9, 9, 7, 7, 9, 9, 10, 10, 10, 10, 10, 10, 10, 10, 10, 10]"
23121,10000,1000,0.15,0.05,rank,SP,0.1,random,29139,10,29139,"[27813, 12792, 22632, 7935, 17433, 21135, 24681, 29139, 28479, 28935, 20598]","[23700, 26142, 29139, 28479, 28935, 20598]",0,"[0, 0, 0, 1, 1, 1, 1, 2, 2, 2, 2, 2, 3, 3, 3, 3, 4, 4, 4, 4, 4, 5, 5, 5, 5, 6, 6, 6, 6, 7, 7, 8, 8, 7, 7, 9, 9, 8, 9, 8, 5, 5, 6, 8, 8, 8, 9, 9, 9, 10, 10, 10, 10, 10, 10, 10, 10, 10, 10]"
23121,10000,1000,0.15,0.05,rank,DP,0.1,random,28944,5,28944,"[27813, 14730, 20694, 7935, 24822, 11322, 27105, 28944, 28746, 28863, 20598]","[23700, 26142, 28944, 28746, 28863, 20598]",0,"[0, 0, 0, 1, 1, 1, 1, 1, 2, 2, 2, 2, 3, 3, 3, 3, 4, 4, 4, 4, 4, 5, 5, 5, 6, 6, 6, 6, 6, 7, 7, 9, 9, 9, 8, 7, 8, 7, 7, 8, 4, 4, 6, 9, 9, 7, 7, 9, 9, 10, 10, 10, 10, 10, 10, 10, 10, 10, 10]"
23121,10000,1000,0.15,0.05,rank,UX,0.1,random,28902,13,28902,"[27813, 14730, 22794, 7935, 15333, 21135, 24681, 28902, 28788, 28863, 20598]","[25800, 24042, 28902, 28788, 28863, 20598]",0,"[0, 0, 0, 1, 1, 1, 1, 1, 2, 2, 2, 2, 3, 3, 3, 3, 2, 4, 4, 4, 4, 5, 5, 5, 5, 6, 6, 6, 6, 7, 7, 9, 9, 9, 8, 8, 7, 7, 7, 8, 5, 5, 6, 9, 9, 7, 7, 9, 9, 10, 10, 10, 10, 10, 10, 10, 10, 10, 10]"
23121,10000,1000,0.15,0.05,rank,SP,0.15,random,29313,8,29313,"[29064, 11541, 22632, 7935, 15228, 20916, 27105, 29313, 28599, 28641, 20598]","[23700, 26142, 29313, 28599, 28641, 20598]",0,"[0, 0, 0, 0, 1, 1, 1, 2, 2, 2, 2, 2, 3, 3, 3, 3, 4, 4, 4, 4, 5, 5, 5, 5, 6, 6, 6, 6, 6, 7, 7, 9, 9, 9, 7, 7, 7, 7, 8, 8, 5, 5, 6, 8, 8, 9, 7, 9, 9, 10, 10, 10, 10, 10, 10, 10, 10, 10, 10]"
23121,10000,1000,0.15,0.05,rank,DP,0.15,random,29259,17,29259,"[29064, 11541, 22632, 7935, 17433, 21135, 24681, 28212, 29082, 29259, 20598]","[23700, 26142, 28212, 29082, 29259, 20598]",0,"[0, 0, 0, 0, 1, 1, 1, 2, 2, 2, 2, 2, 3, 3, 3, 3, 4, 4, 4, 4, 4, 5, 5, 5, 5, 6, 6, 6, 6, 7, 7, 7, 7, 8, 9, 8, 7, 9, 8, 7, 5, 5, 6, 8, 8, 7, 9, 9, 9, 10, 10, 10, 10, 10, 10, 10, 10, 10, 10]"
23121,10000,1000,0.15,0.05,rank,UX,0.15,random,29001,10,29001,"[27813, 14730, 22794, 7935, 20517, 13527, 27105, 28776, 29001, 28776, 20598]","[25800, 24042, 28776, 29001, 28776, 20598]",0,"[0, 0, 0, 1, 1, 1, 1, 1, 2, 2, 2, 2, 3, 3, 3, 3, 2, 4, 4, 4, 5, 5, 5, 5, 6, 6, 6, 6, 6, 7, 7, 8, 8, 7, 8, 9, 7, 9, 9, 8, 4, 4, 6, 7, 7, 7, 9, 9, 9, 10, 10, 10, 10, 10, 10, 10, 10, 10, 10]"
23121,10000,1000,0.15,0.05,tournament,SP,0.05,random,29259,8,29259,"[29064, 11541, 24732, 9636, 18816, 15951, 24681, 29031, 28263, 29259, 20598]","[27501, 22341, 29031, 28263, 29259, 20598]",0,"[0, 0, 0, 0, 1, 1, 1, 2, 2, 2, 2, 2, 3, 3, 3, 3, 2, 3, 4, 4, 5, 5, 5, 5, 5, 6, 6, 6, 6, 7, 7, 7, 7, 7, 9, 8, 8, 9, 8, 8, 4, 4, 6, 7, 7, 7, 9, 9, 9, 10, 10, 10, 10, 10, 10, 10, 10, 10, 10]"
23121,10000,1000,0.15,0.05,tournament,DP,0.05,random,28989,6,28989,"[27813, 12792, 24732, 9636, 21021, 11322, 27105, 28776, 28788, 28989, 20598]","[27501, 22341, 28776, 28788, 28989, 20598]",0,"[0, 0, 0, 1, 1, 1, 1, 2, 2, 2, 2, 2, 3, 3, 3, 3, 2, 3, 4, 4, 4, 5, 5, 5, 6, 6, 6, 6, 6, 7, 7, 9, 9, 7, 8, 8, 7, 9, 9, 8, 4, 4, 6, 7, 7, 7, 9, 9, 9, 10, 10, 10, 10, 10, 10, 10, 10, 10, 10]"
23121,10000,1000,0.15,0.05,tournament,UX,0.05,random,28902,5,28902,"[27813, 12792, 22632, 7935, 15228, 23340, 24681, 28902, 28788, 28863, 20598]","[23700, 26142, 28902, 28788, 28863, 20598]",0,"[0, 0, 0, 1, 1, 1, 1, 2, 2, 2, 2, 2, 3, 3, 3, 3, 4, 4, 4, 4, 5, 5, 5, 5, 5, 6, 6, 6, 6, 7, 7, 9, 9, 9, 8, 8, 7, 7, 7, 8, 5, 5, 6, 9, 9, 7, 7, 9, 9, 10, 10, 10, 10, 10, 10, 10, 10, 10, 10]"
23121,10000,1000,0.15,0.05,tournament,SP,0.1,random,29166,3,29166,"[27813, 14730, 22794, 9636, 11427, 23340, 24681, 29166, 29001, 28386, 20598]","[27501, 22341, 29166, 29001, 28386, 20598]",0,"[0, 0, 0, 1, 1, 1, 1, 1, 2, 2, 2, 2, 3, 3, 3, 3, 2, 3, 4, 4, 5, 5, 5, 5, 5, 6, 6, 6, 6, 7, 7, 8, 8, 9, 8, 7, 9, 7, 7, 8, 5, 5, 6, 7, 7, 9, 7, 9, 9, 10, 10, 10, 10, 10, 10, 10, 10, 10, 10]"
23121,10000,1000,0.15,0.05,tournament,DP,0.1,random,29049,8,29049,"[27813, 14730, 20694, 7935, 17433, 18711, 27105, 28476, 29028, 29049, 20598]","[23700, 26142, 28476, 29028, 29049, 20598]",0,"[0, 0, 0, 1, 1, 1, 1, 1, 2, 2, 2, 2, 3, 3, 3, 3, 4, 4, 4, 4, 4, 5, 5, 5, 6, 6, 6, 6, 6, 7, 7, 7, 7, 8, 8, 7, 8, 8, 9, 7, 5, 5, 6, 7, 7, 9, 9, 9, 9, 10, 10, 10, 10, 10, 10, 10, 10, 10, 10]"
23121,10000,1000,0.15,0.05,tournament,UX,0.1,random,28902,16,28902,"[27813, 12792, 24732, 7935, 20517, 15951, 24681, 28902, 28788, 28863, 20598]","[25800, 24042, 28902, 28788, 28863, 20598]",0,"[0, 0, 0, 1, 1, 1, 1, 2, 2, 2, 2, 2, 3, 3, 3, 3, 2, 4, 4, 4, 5, 5, 5, 5, 5, 6, 6, 6, 6, 7, 7, 9, 9, 9, 8, 8, 7, 7, 7, 8, 4, 4, 6, 9, 9, 7, 7, 9, 9, 10, 10, 10, 10, 10, 10, 10, 10, 10, 10]"
23121,10000,1000,0.15,0.05,tournament,SP,0.15,random,28989,7,28989,"[27813, 14730, 20694, 7935, 15228, 23340, 24681, 28776, 28788, 28989, 20598]","[23700, 26142, 28776, 28788, 28989, 20598]",0,"[0, 0, 0, 1, 1, 1, 1, 1, 2, 2, 2, 2, 3, 3, 3, 3, 4, 4, 4, 4, 5, 5, 5, 5, 5, 6, 6, 6, 6, 7, 7, 9, 9, 7, 8, 8, 7, 9, 9, 8, 5, 5, 6, 7, 7, 7, 9, 9, 9, 10, 10, 10, 10, 10, 10, 10, 10, 10, 10]"
23121,10000,1000,0.15,0.05,tournament,DP,0.15,random,28989,5,28989,"[27813, 14730, 20694, 7935, 22617, 15951, 24681, 28818, 28746, 28989, 20598]","[23700, 26142, 28818, 28746, 28989, 20598]",0,"[0, 0, 0, 1, 1, 1, 1, 1, 2, 2, 2, 2, 3, 3, 3, 3, 4, 4, 4, 4, 5, 5, 5, 5, 5, 6, 6, 6, 6, 7, 7, 9, 9, 7, 8, 7, 8, 9, 9, 8, 4, 4, 6, 7, 7, 7, 9, 9, 9, 10, 10, 10, 10, 10, 10, 10, 10, 10, 10]"
23121,10000,1000,0.15,0.05,tournament,UX,0.15,random,28896,6,28896,"[27813, 14730, 22794, 7935, 20517, 13527, 27105, 28869, 28788, 28896, 20598]","[25800, 24042, 28869, 28788, 28896, 20598]",0,"[0, 0, 0, 1, 1, 1, 1, 1, 2, 2, 2, 2, 3, 3, 3, 3, 2, 4, 4, 4, 5, 5, 5, 5, 6, 6, 6, 6, 6, 7, 7, 7, 7, 7, 8, 8, 9, 9, 7, 8, 4, 4, 6, 9, 9, 9, 9, 9, 9, 10, 10, 10, 10, 10, 10, 10, 10, 10, 10]"
23121,10000,1000,0.15,0.1,roulette,SP,0.05,random,29001,4,29001,"[27813, 14730, 20694, 7935, 17433, 18711, 27105, 28656, 29001, 28896, 20598]","[23700, 26142, 28656, 29001, 28896, 20598]",0,"[0, 0, 0, 1, 1, 1, 1, 1, 2, 2, 2, 2, 3, 3, 3, 3, 4, 4, 4, 4, 4, 5, 5, 5, 6, 6, 6, 6, 6, 7, 7, 8, 8, 7, 8, 7, 9, 9, 7, 8, 5, 5, 6, 9, 9, 9, 9, 9, 9, 10, 10, 10, 10, 10, 10, 10, 10, 10, 10]"
23121,10000,1000,0.15,0.1,roulette,DP,0.05,random,28944,8,28944,"[27813, 12792, 24732, 7935, 20517, 15951, 24681, 28944, 28746, 28863, 20598]","[25800, 24042, 28944, 28746, 28863, 20598]",0,"[0, 0, 0, 1, 1, 1, 1, 2, 2, 2, 2, 2, 3, 3, 3, 3, 2, 4, 4, 4, 5, 5, 5, 5, 5, 6, 6, 6, 6, 7, 7, 9, 9, 9, 8, 7, 8, 7, 7, 8, 4, 4, 6, 9, 9, 7, 7, 9, 9, 10, 10, 10, 10, 10, 10, 10, 10, 10, 10]"
23121,10000,1000,0.15,0.1,roulette,UX,0.05,random,28896,5,28896,"[27813, 12792, 24732, 9636, 18816, 15951, 24681, 28869, 28788, 28896, 20598]","[27501, 22341, 28869, 28788, 28896, 20598]",0,"[0, 0, 0, 1, 1, 1, 1, 2, 2, 2, 2, 2, 3, 3, 3, 3, 2, 3, 4, 4, 5, 5, 5, 5, 5, 6, 6, 6, 6, 7, 7, 7, 7, 7, 8, 8, 9, 9, 7, 8, 4, 4, 6, 9, 9, 9, 9, 9, 9, 10, 10, 10, 10, 10, 10, 10, 10, 10, 10]"
23121,10000,1000,0.15,0.1,roulette,SP,0.1,random,29316,4,29316,"[27813, 12792, 24732, 7935, 15333, 18711, 27105, 29316, 28788, 28449, 20598]","[25800, 24042, 29316, 28788, 28449, 20598]",0,"[0, 0, 0, 1, 1, 1, 1, 2, 2, 2, 2, 2, 3, 3, 3, 3, 2, 4, 4, 4, 4, 5, 5, 5, 6, 6, 6, 6, 6, 7, 7, 7, 7, 9, 8, 8, 7, 9, 7, 8, 5, 5, 6, 9, 9, 7, 7, 9, 9, 10, 10, 10, 10, 10, 10, 10, 10, 10, 10]"
23121,10000,1000,0.15,0.1,roulette,DP,0.1,random,29313,1,29313,"[29064, 13479, 22794, 7935, 13128, 20916, 27105, 29313, 29295, 27945, 20598]","[25800, 24042, 29313, 29295, 27945, 20598]",0,"[0, 0, 0, 0, 1, 1, 1, 1, 2, 2, 2, 2, 3, 3, 3, 3, 2, 4, 4, 4, 5, 5, 5, 5, 6, 6, 6, 6, 6, 7, 7, 8, 8, 8, 7, 7, 7, 7, 8, 9, 5, 5, 6, 8, 8, 9, 7, 9, 9, 10, 10, 10, 10, 10, 10, 10, 10, 10, 10]"
23121,10000,1000,0.15,0.1,roulette,UX,0.1,random,28896,12,28896,"[27813, 12792, 24732, 7935, 22722, 11322, 27105, 28869, 28788, 28896, 20598]","[25800, 24042, 28869, 28788, 28896, 20598]",0,"[0, 0, 0, 1, 1, 1, 1, 2, 2, 2, 2, 2, 3, 3, 3, 3, 2, 4, 4, 4, 4, 5, 5, 5, 6, 6, 6, 6, 6, 7, 7, 7, 7, 7, 8, 8, 9, 9, 7, 8, 4, 4, 6, 9, 9, 9, 9, 9, 9, 10, 10, 10, 10, 10, 10, 10, 10, 10, 10]"
23121,10000,1000,0.15,0.1,roulette,SP,0.15,random,29043,3,29043,"[27813, 12792, 24732, 9636, 13632, 18711, 27105, 29043, 28506, 29004, 20598]","[27501, 22341, 29043, 28506, 29004, 20598]",0,"[0, 0, 0, 1, 1, 1, 1, 2, 2, 2, 2, 2, 3, 3, 3, 3, 2, 3, 4, 4, 4, 5, 5, 5, 6, 6, 6, 6, 6, 7, 7, 7, 7, 8, 9, 7, 7, 7, 7, 9, 5, 5, 6, 8, 8, 8, 7, 8, 9, 10, 10, 10, 10, 10, 10, 10, 10, 10, 10]"
23121,10000,1000,0.15,0.1,roulette,DP,0.15,random,29259,7,29259,"[29064, 13479, 20694, 7935, 17433, 18711, 27105, 28656, 28638, 29259, 20598]","[23700, 26142, 28656, 28638, 29259, 20598]",0,"[0, 0, 0, 0, 1, 1, 1, 1, 2, 2, 2, 2, 3, 3, 3, 3, 4, 4, 4, 4, 4, 5, 5, 5, 6, 6, 6, 6, 6, 7, 7, 8, 8, 7, 9, 7, 8, 9, 7, 8, 5, 5, 6, 8, 8, 8, 9, 9, 9, 10, 10, 10, 10, 10, 10, 10, 10, 10, 10]"
23121,10000,1000,0.15,0.1,roulette,UX,0.15,random,28902,14,28902,"[27813, 14730, 22794, 7935, 15333, 21135, 24681, 28902, 28788, 28863, 20598]","[25800, 24042, 28902, 28788, 28863, 20598]",0,"[0, 0, 0, 1, 1, 1, 1, 1, 2, 2, 2, 2, 3, 3, 3, 3, 2, 4, 4, 4, 4, 5, 5, 5, 5, 6, 6, 6, 6, 7, 7, 9, 9, 9, 8, 8, 7, 7, 7, 8, 5, 5, 6, 9, 9, 7, 7, 9, 9, 10, 10, 10, 10, 10, 10, 10, 10, 10, 10]"
23121,10000,1000,0.15,0.1,rank,SP,0.05,random,29001,9,29001,"[27813, 12792, 22632, 7935, 17433, 21135, 24681, 28656, 29001, 28896, 20598]","[23700, 26142, 28656, 29001, 28896, 20598]",0,"[0, 0, 0, 1, 1, 1, 1, 2, 2, 2, 2, 2, 3, 3, 3, 3, 4, 4, 4, 4, 4, 5, 5, 5, 5, 6, 6, 6, 6, 7, 7, 8, 8, 7, 8, 7, 9, 9, 7, 8, 5, 5, 6, 9, 9, 9, 9, 9, 9, 10, 10, 10, 10, 10, 10, 10, 10, 10, 10]"
23121,10000,1000,0.15,0.1,rank,DP,0.05,random,29049,4,29049,"[27813, 14730, 22794, 7935, 15333, 18711, 27105, 28917, 28587, 29049, 20598]","[25800, 24042, 28917, 28587, 29049, 20598]",0,"[0, 0, 0, 1, 1, 1, 1, 1, 2, 2, 2, 2, 3, 3, 3, 3, 2, 4, 4, 4, 4, 5, 5, 5, 6, 6, 6, 6, 6, 7, 7, 7, 7, 7, 8, 7, 7, 8, 9, 8, 5, 5, 6, 7, 7, 9, 9, 9, 9, 10, 10, 10, 10, 10, 10, 10, 10, 10, 10]"
23121,10000,1000,0.15,0.1,rank,UX,0.05,random,28938,6,28938,"[27813, 12792, 22632, 7935, 15228, 20916, 27105, 28869, 28746, 28938, 20598]","[23700, 26142, 28869, 28746, 28938, 20598]",0,"[0, 0, 0, 1, 1, 1, 1, 2, 2, 2, 2, 2, 3, 3, 3, 3, 4, 4, 4, 4, 5, 5, 5, 5, 6, 6, 6, 6, 6, 7, 7, 7, 7, 7, 8, 9, 8, 9, 7, 8, 5, 5, 6, 9, 9, 9, 9, 9, 9, 10, 10, 10, 10, 10, 10, 10, 10, 10, 10]"
23121,10000,1000,0.15,0.1,rank,SP,0.1,random,29001,10,29001,"[27813, 14730, 20694, 7935, 24822, 11322, 27105, 28656, 29001, 28896, 20598]","[23700, 26142, 28656, 29001, 28896, 20598]",0,"[0, 0, 0, 1, 1, 1, 1, 1, 2, 2, 2, 2, 3, 3, 3, 3, 4, 4, 4, 4, 4, 5, 5, 5, 6, 6, 6, 6, 6, 7, 7, 8, 8, 7, 8, 7, 9, 9, 7, 8, 4, 4, 6, 9, 9, 9, 9, 9, 9, 10, 10, 10, 10, 10, 10, 10, 10, 10, 10]"
23121,10000,1000,0.15,0.1,rank,DP,0.1,random,28944,9,28944,"[27813, 14730, 20694, 7935, 15228, 23340, 24681, 28944, 28746, 28863, 20598]","[23700, 26142, 28944, 28746, 28863, 20598]",0,"[0, 0, 0, 1, 1, 1, 1, 1, 2, 2, 2, 2, 3, 3, 3, 3, 4, 4, 4, 4, 5, 5, 5, 5, 5, 6, 6, 6, 6, 7, 7, 9, 9, 9, 8, 7, 8, 7, 7, 8, 5, 5, 6, 9, 9, 7, 7, 9, 9, 10, 10, 10, 10, 10, 10, 10, 10, 10, 10]"
23121,10000,1000,0.15,0.1,rank,UX,0.1,random,28896,8,28896,"[27813, 12792, 24732, 7935, 22722, 11322, 27105, 28869, 28788, 28896, 20598]","[25800, 24042, 28869, 28788, 28896, 20598]",0,"[0, 0, 0, 1, 1, 1, 1, 2, 2, 2, 2, 2, 3, 3, 3, 3, 2, 4, 4, 4, 4, 5, 5, 5, 6, 6, 6, 6, 6, 7, 7, 7, 7, 7, 8, 8, 9, 9, 7, 8, 4, 4, 6, 9, 9, 9, 9, 9, 9, 10, 10, 10, 10, 10, 10, 10, 10, 10, 10]"
23121,10000,1000,0.15,0.1,rank,SP,0.15,random,29049,6,29049,"[27813, 14730, 20694, 7935, 17433, 18711, 27105, 28476, 29028, 29049, 20598]","[23700, 26142, 28476, 29028, 29049, 20598]",0,"[0, 0, 0, 1, 1, 1, 1, 1, 2, 2, 2, 2, 3, 3, 3, 3, 4, 4, 4, 4, 4, 5, 5, 5, 6, 6, 6, 6, 6, 7, 7, 7, 7, 8, 8, 7, 8, 8, 9, 7, 5, 5, 6, 7, 7, 9, 9, 9, 9, 10, 10, 10, 10, 10, 10, 10, 10, 10, 10]"
23121,10000,1000,0.15,0.1,rank,DP,0.15,random,28989,11,28989,"[27813, 14730, 20694, 7935, 22617, 13527, 27105, 28776, 28788, 28989, 20598]","[23700, 26142, 28776, 28788, 28989, 20598]",0,"[0, 0, 0, 1, 1, 1, 1, 1, 2, 2, 2, 2, 3, 3, 3, 3, 4, 4, 4, 4, 5, 5, 5, 5, 6, 6, 6, 6, 6, 7, 7, 9, 9, 7, 8, 8, 7, 9, 9, 8, 4, 4, 6, 7, 7, 7, 9, 9, 9, 10, 10, 10, 10, 10, 10, 10, 10, 10, 10]"
23121,10000,1000,0.15,0.1,rank,UX,0.15,random,28902,12,28902,"[27813, 14730, 22794, 7935, 15333, 21135, 24681, 28902, 28788, 28863, 20598]","[25800, 24042, 28902, 28788, 28863, 20598]",0,"[0, 0, 0, 1, 1, 1, 1, 1, 2, 2, 2, 2, 3, 3, 3, 3, 2, 4, 4, 4, 4, 5, 5, 5, 5, 6, 6, 6, 6, 7, 7, 9, 9, 9, 8, 8, 7, 7, 7, 8, 5, 5, 6, 9, 9, 7, 7, 9, 9, 10, 10, 10, 10, 10, 10, 10, 10, 10, 10]"
23121,10000,1000,0.15,0.1,tournament,SP,0.05,random,29151,9,29151,"[29064, 11541, 22632, 7935, 15228, 20916, 27105, 28656, 28746, 29151, 20598]","[23700, 26142, 28656, 28746, 29151, 20598]",0,"[0, 0, 0, 0, 1, 1, 1, 2, 2, 2, 2, 2, 3, 3, 3, 3, 4, 4, 4, 4, 5, 5, 5, 5, 6, 6, 6, 6, 6, 7, 7, 9, 9, 7, 8, 7, 8, 9, 7, 8, 5, 5, 6, 9, 9, 9, 9, 9, 9, 10, 10, 10, 10, 10, 10, 10, 10, 10, 10]"
23121,10000,1000,0.15,0.1,tournament,DP,0.05,random,29139,8,29139,"[29064, 11541, 22632, 7935, 17433, 21135, 24681, 29139, 28773, 28641, 20598]","[23700, 26142, 29139, 28773, 28641, 20598]",0,"[0, 0, 0, 0, 1, 1, 1, 2, 2, 2, 2, 2, 3, 3, 3, 3, 4, 4, 4, 4, 4, 5, 5, 5, 5, 6, 6, 6, 6, 7, 7, 8, 8, 7, 7, 8, 9, 8, 8, 9, 5, 5, 6, 9, 9, 9, 8, 8, 9, 10, 10, 10, 10, 10, 10, 10, 10, 10, 10]"
23121,10000,1000,0.15,0.1,tournament,UX,0.05,random,29031,7,29031,"[27813, 14730, 20694, 7935, 24822, 13746, 24681, 29031, 28587, 28935, 20598]","[23700, 26142, 29031, 28587, 28935, 20598]",0,"[0, 0, 0, 1, 1, 1, 1, 1, 2, 2, 2, 2, 3, 3, 3, 3, 4, 4, 4, 4, 4, 5, 5, 5, 5, 6, 6, 6, 6, 7, 7, 7, 7, 7, 8, 9, 9, 8, 9, 8, 4, 4, 6, 7, 7, 7, 9, 9, 9, 10, 10, 10, 10, 10, 10, 10, 10, 10, 10]"
23121,10000,1000,0.15,0.1,tournament,SP,0.1,random,29004,8,29004,"[27813, 14730, 20694, 7935, 17433, 21135, 24681, 28869, 28680, 29004, 20598]","[23700, 26142, 28869, 28680, 29004, 20598]",0,"[0, 0, 0, 1, 1, 1, 1, 1, 2, 2, 2, 2, 3, 3, 3, 3, 4, 4, 4, 4, 4, 5, 5, 5, 5, 6, 6, 6, 6, 7, 7, 7, 7, 7, 9, 8, 8, 8, 7, 9, 5, 5, 6, 8, 8, 8, 8, 8, 9, 10, 10, 10, 10, 10, 10, 10, 10, 10, 10]"
23121,10000,1000,0.15,0.1,tournament,DP,0.1,random,28896,4,28896,"[27813, 12792, 24732, 9636, 18816, 13527, 27105, 28869, 28788, 28896, 20598]","[27501, 22341, 28869, 28788, 28896, 20598]",0,"[0, 0, 0, 1, 1, 1, 1, 2, 2, 2, 2, 2, 3, 3, 3, 3, 2, 3, 4, 4, 5, 5, 5, 5, 6, 6, 6, 6, 6, 7, 7, 7, 7, 7, 8, 8, 9, 9, 7, 8, 4, 4, 6, 9, 9, 9, 9, 9, 9, 10, 10, 10, 10, 10, 10, 10, 10, 10, 10]"
23121,10000,1000,0.15,0.1,tournament,UX,0.1,random,28896,10,28896,"[27813, 12792, 22632, 7935, 17433, 21135, 24681, 28869, 28788, 28896, 20598]","[23700, 26142, 28869, 28788, 28896, 20598]",0,"[0, 0, 0, 1, 1, 1, 1, 2, 2, 2, 2, 2, 3, 3, 3, 3, 4, 4, 4, 4, 4, 5, 5, 5, 5, 6, 6, 6, 6, 7, 7, 7, 7, 7, 8, 8, 9, 9, 7, 8, 5, 5, 6, 9, 9, 9, 9, 9, 9, 10, 10, 10, 10, 10, 10, 10, 10, 10, 10]"
23121,10000,1000,0.15,0.1,tournament,SP,0.15,random,29139,10,29139,"[29064, 11541, 22632, 7935, 17433, 18711, 27105, 29139, 28476, 28938, 20598]","[23700, 26142, 29139, 28476, 28938, 20598]",0,"[0, 0, 0, 0, 1, 1, 1, 2, 2, 2, 2, 2, 3, 3, 3, 3, 4, 4, 4, 4, 4, 5, 5, 5, 6, 6, 6, 6, 6, 7, 7, 8, 8, 7, 7, 9, 8, 9, 8, 8, 5, 5, 6, 9, 9, 9, 9, 9, 9, 10, 10, 10, 10, 10, 10, 10, 10, 10, 10]"
23121,10000,1000,0.15,0.1,tournament,DP,0.15,random,29124,8,29124,"[27813, 12792, 22632, 7935, 15228, 23340, 24681, 29124, 29001, 28428, 20598]","[23700, 26142, 29124, 29001, 28428, 20598]",0,"[0, 0, 0, 1, 1, 1, 1, 2, 2, 2, 2, 2, 3, 3, 3, 3, 4, 4, 4, 4, 5, 5, 5, 5, 5, 6, 6, 6, 6, 7, 7, 8, 8, 9, 8, 9, 7, 7, 7, 8, 5, 5, 6, 7, 7, 9, 7, 9, 9, 10, 10, 10, 10, 10, 10, 10, 10, 10, 10]"
23121,10000,1000,0.15,0.1,tournament,UX,0.15,random,29103,8,29103,"[27813, 14730, 20694, 7935, 17433, 18711, 27105, 29103, 28587, 28863, 20598]","[23700, 26142, 29103, 28587, 28863, 20598]",0,"[0, 0, 0, 1, 1, 1, 1, 1, 2, 2, 2, 2, 3, 3, 3, 3, 4, 4, 4, 4, 4, 5, 5, 5, 6, 6, 6, 6, 6, 7, 7, 9, 9, 9, 8, 7, 7, 8, 7, 8, 5, 5, 6, 9, 9, 7, 7, 9, 9, 10, 10, 10, 10, 10, 10, 10, 10, 10, 10]"
